E:\purchasing system\app\Console\Commands\BackupDatabase.php:31:$target = rtrim($directory, DIRECTORY_SEPARATOR) . DIRECTORY_SEPARATOR . 'procurement_' . now()->format('Ymd_His') . '.sqlite';
E:\purchasing system\app\Console\Commands\ExportDatabaseToExcel.php:215:$boundary = 'procurement_backup_' . bin2hex(random_bytes(12));
E:\purchasing system\app\Http\Controllers\Api\V1\AccountingPurchaseOrderController.php:36:$po = PurchaseOrder::with(['purchaseRequest.requester', 'purchaseRequest.department', 'purchaseRequest.assignedReviewer', 'purchaseRequest.approvalHistory.actor', 'supplier', 'createdBy', 'accountingReviewer', 'items.item', 'approvalHistory.actor'])
E:\purchasing system\app\Http\Controllers\Api\V1\AccountingPurchaseRequestController.php:39:'financial_data.items.*.pr_item_id' => ['required', 'integer', 'exists:purchase_request_items,id'],
E:\purchasing system\app\Http\Controllers\Api\V1\AdminSystemMonitoringController.php:173:->get(['id', 'purchase_request_id', 'item_description', 'item_reference', 'region'])
E:\purchasing system\app\Http\Controllers\Api\V1\AdminSystemMonitoringController.php:183:'key' => 'purchase_request_items_missing_tracking',
E:\purchasing system\app\Http\Controllers\Api\V1\AdminSystemMonitoringController.php:197:->get(['id', 'purchase_order_id', 'item_description', 'item_reference', 'region'])
E:\purchasing system\app\Http\Controllers\Api\V1\AdminSystemMonitoringController.php:207:'key' => 'purchase_order_items_missing_tracking',
E:\purchasing system\app\Http\Controllers\Api\V1\AdminSystemMonitoringController.php:293:'purchase_requests' => PurchaseRequest::count(),
E:\purchasing system\app\Http\Controllers\Api\V1\AdminSystemMonitoringController.php:294:'purchase_orders' => PurchaseOrder::count(),
E:\purchasing system\app\Http\Controllers\Api\V1\AdminSystemMonitoringController.php:299:'purchase_requests_by_status' => $this->statusCounts(PurchaseRequest::class),
E:\purchasing system\app\Http\Controllers\Api\V1\AdminSystemMonitoringController.php:300:'purchase_orders_by_status' => $this->statusCounts(PurchaseOrder::class),
E:\purchasing system\app\Http\Controllers\Api\V1\AdminSystemMonitoringController.php:384:'purchase_request_items_missing_reference' => $prMissing,
E:\purchasing system\app\Http\Controllers\Api\V1\AdminSystemMonitoringController.php:385:'purchase_order_items_missing_reference' => $poMissing,
E:\purchasing system\app\Http\Controllers\Api\V1\HealthController.php:30:'system' => 'Al-Ashbiliya Procurement Management System API',
E:\purchasing system\app\Http\Controllers\Api\V1\ProcurementAnalyticsController.php:19:'PENDING_ACCOUNTING_REVIEW',
E:\purchasing system\app\Http\Controllers\Api\V1\ProcurementAnalyticsController.php:20:'RETURNED_TO_PROCUREMENT',
E:\purchasing system\app\Http\Controllers\Api\V1\ProcurementAnalyticsController.php:22:'APPROVED_BY_ACCOUNTING',
E:\purchasing system\app\Http\Controllers\Api\V1\ProcurementAnalyticsController.php:32:$cacheKey = 'procurement:analytics:v2:' . $period . ':' . ($status ?: 'all');
E:\purchasing system\app\Http\Controllers\Api\V1\ProcurementAnalyticsController.php:44:->select(['id', 'po_number', 'purchase_request_id', 'supplier_id', 'created_by_user_id', 'status', 'grand_total', 'delivery_status', 'delivery_date', 'actual_delivery_date', 'created_at', 'updated_at'])
E:\purchasing system\app\Http\Controllers\Api\V1\ProcurementAnalyticsController.php:53:->with(['purchaseRequest.department', 'supplier', 'createdBy.department', 'items'])
E:\purchasing system\app\Http\Controllers\Api\V1\ProcurementAnalyticsController.php:60:->whereIn('status', ['PENDING_PROCUREMENT_APPROVAL', 'APPROVED_BY_PROCUREMENT'])
E:\purchasing system\app\Http\Controllers\Api\V1\ProcurementAnalyticsController.php:79:->whereIn('id', $allOrderRows->pluck('purchase_request_id')->filter()->unique()->values())
E:\purchasing system\app\Http\Controllers\Api\V1\ProcurementAnalyticsController.php:105:'total_value' => number_format((float) $rows->sum(fn (PurchaseOrder $po) => (float) $po->grand_total), 2, '.', ''),
E:\purchasing system\app\Http\Controllers\Api\V1\ProcurementAnalyticsController.php:126:'total_value' => number_format((float) $rows->sum(fn (PurchaseOrder $po) => (float) $po->grand_total), 2, '.', ''),
E:\purchasing system\app\Http\Controllers\Api\V1\ProcurementAnalyticsController.php:141:'total_value' => number_format((float) $rows->sum(fn (PurchaseOrder $po) => (float) $po->grand_total), 2, '.', ''),
E:\purchasing system\app\Http\Controllers\Api\V1\ProcurementAnalyticsController.php:170:'total_value' => number_format((float) $rows->sum(fn (PurchaseOrder $po) => (float) $po->grand_total), 2, '.', ''),
E:\purchasing system\app\Http\Controllers\Api\V1\ProcurementAnalyticsController.php:181:$pendingProcurementCount = $allRequestRows->where('status', 'PENDING_PROCUREMENT_APPROVAL')->count();
E:\purchasing system\app\Http\Controllers\Api\V1\ProcurementAnalyticsController.php:183:$pendingAccountingCount = $allOrderRows->where('status', 'PENDING_ACCOUNTING_REVIEW')->count();
E:\purchasing system\app\Http\Controllers\Api\V1\ProcurementAnalyticsController.php:184:$returnedCount = $allOrderRows->where('status', 'RETURNED_TO_PROCUREMENT')->count();
E:\purchasing system\app\Http\Controllers\Api\V1\ProcurementAnalyticsController.php:185:$accountingApprovedCount = $allOrderRows->where('status', 'APPROVED_BY_ACCOUNTING')->count();
E:\purchasing system\app\Http\Controllers\Api\V1\ProcurementAnalyticsController.php:193:'purchase_requests_count' => $allRequestRows->count(),
E:\purchasing system\app\Http\Controllers\Api\V1\ProcurementAnalyticsController.php:194:'approved_requests_count' => $allRequestRows->whereIn('status', ['PENDING_PROCUREMENT_APPROVAL', 'APPROVED_BY_PROCUREMENT'])->count(),
E:\purchasing system\app\Http\Controllers\Api\V1\ProcurementAnalyticsController.php:197:'under_review_request_count' => $allRequestRows->where('status', 'UNDER_REVIEW')->count(),
E:\purchasing system\app\Http\Controllers\Api\V1\ProcurementAnalyticsController.php:199:'pending_procurement_count' => $pendingProcurementCount,
E:\purchasing system\app\Http\Controllers\Api\V1\ProcurementAnalyticsController.php:201:'purchase_orders_count' => $allOrderRows->count(),
E:\purchasing system\app\Http\Controllers\Api\V1\ProcurementAnalyticsController.php:203:'pending_accounting_count' => $pendingAccountingCount,
E:\purchasing system\app\Http\Controllers\Api\V1\ProcurementAnalyticsController.php:205:'accounting_approved_count' => $accountingApprovedCount,
E:\purchasing system\app\Http\Controllers\Api\V1\ProcurementAnalyticsController.php:211:'pending_delivery_count' => $allOrderRows->filter(fn (PurchaseOrder $po) => !in_array($po->delivery_status, ['COMPLETE', 'LATE'], true))->count(),
E:\purchasing system\app\Http\Controllers\Api\V1\ProcurementAnalyticsController.php:222:'recent_purchase_orders' => $filteredPurchaseOrders->map(function (PurchaseOrder $po) {
E:\purchasing system\app\Http\Controllers\Api\V1\ProcurementAnalyticsController.php:229:'request_number' => $po->purchaseRequest?->request_number ?? 'مباشر',
E:\purchasing system\app\Http\Controllers\Api\V1\ProcurementAnalyticsController.php:230:'department_name' => $po->purchaseRequest?->department?->name ?? $po->createdBy?->department?->name ?? 'غير محدد',
E:\purchasing system\app\Http\Controllers\Api\V1\ProcurementAnalyticsController.php:243:'recent_purchase_requests' => $approvedRequests->map(function (PurchaseRequest $requestModel) {
E:\purchasing system\app\Http\Controllers\Api\V1\ProcurementPurchaseOrderController.php:67:$pr = PurchaseRequest::with(['requester', 'department', 'assignedReviewer', 'siteEngineer', 'directSupplier', 'items.item', 'approvalHistory.actor', 'quotes.supplier', 'quotes.recommendations.user', 'selectedQuote.supplier'])
E:\purchasing system\app\Http\Controllers\Api\V1\ProcurementPurchaseOrderController.php:70:if (! in_array($pr->status, ['PENDING_PROCUREMENT_APPROVAL', 'PENDING_QUOTE_RECOMMENDATIONS', 'PENDING_EXECUTIVE_QUOTE_DECISION', 'APPROVED_BY_PROCUREMENT', 'APPROVED_BY_ACCOUNTING'])) {
E:\purchasing system\app\Http\Controllers\Api\V1\ProcurementPurchaseOrderController.php:71:return response()->json(['message' => 'Purchase request is not in a procurement queue status.'], 409);
E:\purchasing system\app\Http\Controllers\Api\V1\ProcurementPurchaseOrderController.php:83:'use_quotes' => ['nullable', 'boolean'],
E:\purchasing system\app\Http\Controllers\Api\V1\ProcurementPurchaseOrderController.php:86:'financial_data.supplier_id' => ['required_if:use_quotes,false', 'integer', 'exists:suppliers,id'],
E:\purchasing system\app\Http\Controllers\Api\V1\ProcurementPurchaseOrderController.php:87:'financial_data.items' => ['required_if:use_quotes,false', 'array', 'min:1'],
E:\purchasing system\app\Http\Controllers\Api\V1\ProcurementPurchaseOrderController.php:89:'financial_data.items.*.pr_item_id' => ['required_if:use_quotes,false', 'integer', 'exists:purchase_request_items,id'],
E:\purchasing system\app\Http\Controllers\Api\V1\ProcurementPurchaseOrderController.php:90:'financial_data.items.*.quantity' => ['required_if:use_quotes,false', 'numeric', 'gt:0'],
E:\purchasing system\app\Http\Controllers\Api\V1\ProcurementPurchaseOrderController.php:91:'financial_data.items.*.unit_price' => ['required_if:use_quotes,false', 'numeric', 'gte:0'],
E:\purchasing system\app\Http\Controllers\Api\V1\ProcurementPurchaseOrderController.php:95:$useQuotes = array_key_exists('use_quotes', $validated) ? (bool) $validated['use_quotes'] : true;
E:\purchasing system\app\Http\Controllers\Api\V1\ProcurementPurchaseOrderController.php:180:'purchaseRequest.requester',
E:\purchasing system\app\Http\Controllers\Api\V1\ProcurementPurchaseOrderController.php:181:'purchaseRequest.department',
E:\purchasing system\app\Http\Controllers\Api\V1\ProcurementPurchaseOrderController.php:182:'purchaseRequest.assignedReviewer',
E:\purchasing system\app\Http\Controllers\Api\V1\ProcurementPurchaseOrderController.php:183:'purchaseRequest.approvalHistory.actor',
E:\purchasing system\app\Http\Controllers\Api\V1\ProcurementPurchaseOrderController.php:190:->when($departmentId > 0, fn ($query) => $query->whereHas('purchaseRequest', fn ($requestQuery) => $requestQuery->where('department_id', $departmentId)))
E:\purchasing system\app\Http\Controllers\Api\V1\ProcurementPurchaseOrderController.php:199:->orWhereHas('purchaseRequest', function ($requestQuery) use ($term): void {
E:\purchasing system\app\Http\Controllers\Api\V1\ProcurementPurchaseOrderController.php:217:$po = PurchaseOrder::with(['purchaseRequest.requester', 'purchaseRequest.department', 'purchaseRequest.assignedReviewer', 'purchaseRequest.approvalHistory.actor', 'supplier', 'createdBy', 'items.item'])->findOrFail($id);
E:\purchasing system\app\Http\Controllers\Api\V1\ProcurementPurchaseOrderController.php:226:$prId = (int) $request->validated('purchase_request_id');
E:\purchasing system\app\Http\Controllers\Api\V1\ProcurementPurchaseOrderController.php:255:if ($po->status !== 'PO_DRAFT' && $po->status !== 'RETURNED_TO_PROCUREMENT') {
E:\purchasing system\app\Http\Controllers\Api\V1\ProcurementPurchaseOrderController.php:256:return response()->json(['message' => 'Only draft or returned purchase orders can be edited.'], 409);
E:\purchasing system\app\Http\Controllers\Api\V1\ProcurementPurchaseOrderController.php:276:if ($po->status !== 'PO_DRAFT' && $po->status !== 'RETURNED_TO_PROCUREMENT') {
E:\purchasing system\app\Http\Controllers\Api\V1\ProcurementPurchaseOrderController.php:277:return response()->json(['message' => 'Only draft or returned purchase orders can be edited.'], 409);
E:\purchasing system\app\Http\Controllers\Api\V1\ProcurementPurchaseOrderController.php:281:return response()->json(['message' => 'Item does not belong to this purchase order.'], 422);
E:\purchasing system\app\Http\Controllers\Api\V1\ProcurementPurchaseOrderController.php:295:if ($po->status !== 'PO_DRAFT' && $po->status !== 'RETURNED_TO_PROCUREMENT') {
E:\purchasing system\app\Http\Controllers\Api\V1\ProcurementPurchaseOrderController.php:296:return response()->json(['message' => 'Only draft or returned purchase orders can be edited.'], 409);
E:\purchasing system\app\Http\Controllers\Api\V1\ProcurementPurchaseOrderController.php:311:if ($po->status !== 'PO_DRAFT' && $po->status !== 'RETURNED_TO_PROCUREMENT') {
E:\purchasing system\app\Http\Controllers\Api\V1\ProcurementPurchaseOrderController.php:312:return response()->json(['message' => 'Only draft or returned purchase orders can be edited.'], 409);
E:\purchasing system\app\Http\Controllers\Api\V1\ProcurementPurchaseOrderController.php:316:return response()->json(['message' => 'Item does not belong to this purchase order.'], 422);
E:\purchasing system\app\Http\Controllers\Api\V1\ProcurementPurchaseOrderController.php:328:$po = PurchaseOrder::with(['purchaseRequest.requester', 'purchaseRequest.department', 'items', 'supplier', 'createdBy'])->findOrFail($id);
E:\purchasing system\app\Http\Controllers\Api\V1\ProcurementPurchaseOrderController.php:332:'message' => 'Purchase order has already been issued.',
E:\purchasing system\app\Http\Controllers\Api\V1\ProcurementPurchaseOrderController.php:337:if ($po->status !== 'PO_DRAFT' && $po->status !== 'RETURNED_TO_PROCUREMENT') {
E:\purchasing system\app\Http\Controllers\Api\V1\ProcurementPurchaseOrderController.php:338:return response()->json(['message' => 'Only draft or returned purchase orders can be submitted.'], 409);
E:\purchasing system\app\Http\Controllers\Api\V1\ProcurementPurchaseOrderController.php:344:'message' => 'Purchase order submitted to accounting successfully.',
E:\purchasing system\app\Http\Controllers\Api\V1\ProcurementPurchaseOrderController.php:430:'data' => new PurchaseOrderResource($po->fresh(['purchaseRequest.requester', 'purchaseRequest.department', 'supplier', 'createdBy', 'items.prItem'])),
E:\purchasing system\app\Http\Controllers\Api\V1\PurchaseQuoteController.php:23:'assignedReviewer',
E:\purchasing system\app\Http\Controllers\Api\V1\PurchaseQuoteController.php:26:'quotes.supplier',
E:\purchasing system\app\Http\Controllers\Api\V1\PurchaseQuoteController.php:27:'quotes.recommendations.user',
E:\purchasing system\app\Http\Controllers\Api\V1\PurchaseQuoteController.php:28:'selectedQuote.supplier',
E:\purchasing system\app\Http\Controllers\Api\V1\PurchaseQuoteController.php:37:'quotes' => ['required', 'array', 'min:2'],
E:\purchasing system\app\Http\Controllers\Api\V1\PurchaseQuoteController.php:38:'quotes.*.supplier_id' => ['required', 'integer', 'exists:suppliers,id'],
E:\purchasing system\app\Http\Controllers\Api\V1\PurchaseQuoteController.php:39:'quotes.*.unit_price' => ['nullable', 'numeric', 'gt:0'],
E:\purchasing system\app\Http\Controllers\Api\V1\PurchaseQuoteController.php:40:'quotes.*.total_amount' => ['required', 'numeric', 'gt:0'],
E:\purchasing system\app\Http\Controllers\Api\V1\PurchaseQuoteController.php:41:'quotes.*.notes' => ['nullable', 'string', 'max:2000'],
E:\purchasing system\app\Http\Controllers\Api\V1\PurchaseQuoteController.php:46:$this->service->createQuotes($request->user(), $purchaseRequest, $validated['quotes'])
E:\purchasing system\app\Http\Controllers\Api\V1\PurchaseQuoteController.php:57:$quote = PurchaseRequestQuote::with('purchaseRequest')->findOrFail($quoteId);
E:\purchasing system\app\Http\Controllers\Api\V1\PurchaseQuoteController.php:75:$quote = PurchaseRequestQuote::with('purchaseRequest')->findOrFail($quoteId);
E:\purchasing system\app\Http\Controllers\Api\V1\PurchaseReceiptController.php:28:'items.*.purchase_order_item_id' => ['required', 'integer', 'exists:purchase_order_items,id'],
E:\purchasing system\app\Http\Controllers\Api\V1\PurchaseReceiptController.php:51:$receipts = PurchaseReceipt::with(['purchaseOrder.supplier', 'purchaseOrder.items.item', 'purchaseRequest', 'warehouseKeeper', 'siteEngineer', 'items.purchaseOrderItem'])
E:\purchasing system\app\Http\Controllers\Api\V1\PurchaseReceiptController.php:63:'purchaseOrder.supplier',
E:\purchasing system\app\Http\Controllers\Api\V1\PurchaseReceiptController.php:64:'purchaseOrder.createdBy',
E:\purchasing system\app\Http\Controllers\Api\V1\PurchaseReceiptController.php:65:'purchaseOrder.accountingReviewer',
E:\purchasing system\app\Http\Controllers\Api\V1\PurchaseReceiptController.php:66:'purchaseOrder.purchaseRequest.department',
E:\purchasing system\app\Http\Controllers\Api\V1\PurchaseReceiptController.php:67:'purchaseOrder.purchaseRequest.requester',
E:\purchasing system\app\Http\Controllers\Api\V1\PurchaseReceiptController.php:68:'purchaseOrder.purchaseRequest.assignedReviewer',
E:\purchasing system\app\Http\Controllers\Api\V1\PurchaseReceiptController.php:69:'purchaseOrder.purchaseRequest.siteEngineer',
E:\purchasing system\app\Http\Controllers\Api\V1\PurchaseReceiptController.php:70:'purchaseOrder.purchaseRequest.approvalHistory.actor',
E:\purchasing system\app\Http\Controllers\Api\V1\PurchaseReceiptController.php:71:'purchaseOrder.items.item',
E:\purchasing system\app\Http\Controllers\Api\V1\PurchaseReceiptController.php:72:'purchaseOrder.items.prItem',
E:\purchasing system\app\Http\Controllers\Api\V1\PurchaseReceiptController.php:73:'purchaseOrder.approvalHistory.actor',
E:\purchasing system\app\Http\Controllers\Api\V1\PurchaseReceiptController.php:74:'purchaseRequest.department',
E:\purchasing system\app\Http\Controllers\Api\V1\PurchaseReceiptController.php:75:'purchaseRequest.requester',
E:\purchasing system\app\Http\Controllers\Api\V1\PurchaseReceiptController.php:76:'purchaseRequest.assignedReviewer',
E:\purchasing system\app\Http\Controllers\Api\V1\PurchaseReceiptController.php:77:'purchaseRequest.siteEngineer',
E:\purchasing system\app\Http\Controllers\Api\V1\PurchaseReceiptController.php:80:'items.purchaseOrderItem.item',
E:\purchasing system\app\Http\Controllers\Api\V1\PurchaseReceiptController.php:81:'items.purchaseOrderItem.prItem',
E:\purchasing system\app\Http\Controllers\Api\V1\PurchaseReceiptController.php:92:'items.*.id' => ['required', 'integer', 'exists:purchase_receipt_items,id'],
E:\purchasing system\app\Http\Controllers\Api\V1\PurchaseRequestController.php:32:->whereHas('roles', fn ($query) => $query->where('slug', 'reviewer'))
E:\purchasing system\app\Http\Controllers\Api\V1\PurchaseRequestController.php:119:'assignedReviewer',
E:\purchasing system\app\Http\Controllers\Api\V1\PurchaseRequestController.php:185:'message' => 'Purchase request deleted successfully.',
E:\purchasing system\app\Http\Controllers\Api\V1\PurchaseRequestController.php:204:'message' => 'Only draft purchase requests can be submitted.',
E:\purchasing system\app\Http\Controllers\Api\V1\PurchaseRequestController.php:211:'message' => 'Purchase request submitted successfully.',
E:\purchasing system\app\Http\Controllers\Api\V1\PurchaseRequestController.php:238:'message' => 'Attachments can only be added to draft purchase requests.',
E:\purchasing system\app\Http\Controllers\Api\V1\ReviewerPurchaseRequestController.php:35:'SUBMITTED', 'UNDER_REVIEW',
E:\purchasing system\app\Http\Controllers\Api\V1\ReviewerPurchaseRequestController.php:36:'PENDING_PROCUREMENT_APPROVAL', 'APPROVED_BY_REVIEWER', 'APPROVED_BY_PROCUREMENT', 'REJECTED',
E:\purchasing system\app\Http\Controllers\Api\V1\ReviewerPurchaseRequestController.php:58:'assignedReviewer',
E:\purchasing system\app\Http\Controllers\Api\V1\ReviewerPurchaseRequestController.php:82:if ($pr->status !== 'SUBMITTED' && $pr->status !== 'UNDER_REVIEW') {
E:\purchasing system\app\Http\Controllers\Api\V1\ReviewerPurchaseRequestController.php:83:return response()->json(['message' => 'Invalid purchase request status for starting review.'], 409);
E:\purchasing system\app\Http\Controllers\Api\V1\ReviewerPurchaseRequestController.php:124:return response()->json(['message' => 'Item does not belong to this purchase request.'], 422);
E:\purchasing system\app\Http\Controllers\Api\V1\ReviewerPurchaseRequestController.php:169:return response()->json(['message' => 'Item does not belong to this purchase request.'], 422);
E:\purchasing system\app\Http\Controllers\Api\V1\ReviewerPurchaseRequestController.php:192:if ($pr->status !== 'UNDER_REVIEW' && $pr->status !== 'SUBMITTED') {
E:\purchasing system\app\Http\Controllers\Api\V1\ReviewerPurchaseRequestController.php:193:return response()->json(['message' => 'Only pending purchase requests can be approved.'], 409);
E:\purchasing system\app\Http\Controllers\Api\V1\ReviewerPurchaseRequestController.php:203:'message' => 'Purchase request approved successfully.',
E:\purchasing system\app\Http\Controllers\Api\V1\ReviewerPurchaseRequestController.php:219:if ($pr->status !== 'UNDER_REVIEW' && $pr->status !== 'SUBMITTED') {
E:\purchasing system\app\Http\Controllers\Api\V1\ReviewerPurchaseRequestController.php:220:return response()->json(['message' => 'Only pending purchase requests can be rejected.'], 409);
E:\purchasing system\app\Http\Controllers\Api\V1\ReviewerPurchaseRequestController.php:230:'message' => 'Purchase request rejected successfully.',
E:\purchasing system\app\Http\Controllers\Api\V1\SupplierController.php:71:$supplier = Supplier::with(['purchaseOrders.purchaseRequest'])
E:\purchasing system\app\Http\Controllers\Api\V1\SupplierInvoiceController.php:21:'data' => $this->service->approvedReceipts((int) $request->integer('limit', 100)),
E:\purchasing system\app\Http\Controllers\Api\V1\SupplierInvoiceController.php:38:'purchase_order_id' => ['required', 'integer', 'exists:purchase_orders,id'],
E:\purchasing system\app\Http\Controllers\Api\V1\SupplierInvoiceController.php:39:'purchase_receipt_id' => ['required', 'integer', 'exists:purchase_receipts,id'],
E:\purchasing system\app\Http\Controllers\Api\V1\SupplierInvoiceController.php:40:'invoice_number' => ['required', 'string', 'max:100'],
E:\purchasing system\app\Http\Controllers\Api\V1\SupplierInvoiceController.php:42:'invoice_date' => ['nullable', 'date'],
E:\purchasing system\app\Http\Controllers\Api\V1\SupplierInvoiceController.php:54:PurchaseOrder::findOrFail($validated['purchase_order_id']),
E:\purchasing system\app\Http\Controllers\Api\V1\SupplierInvoiceController.php:55:PurchaseReceipt::findOrFail($validated['purchase_receipt_id']),
E:\purchasing system\app\Http\Controllers\Api\V1\SupplierInvoiceController.php:57:$validated['invoice_number'],
E:\purchasing system\app\Http\Controllers\Api\V1\SupplierInvoiceController.php:58:$validated['invoice_date'] ?? null,
E:\purchasing system\app\Http\Controllers\Api\V1\SupplierInvoiceController.php:64:return response()->json(['data' => $invoice, 'message' => 'تم تسجيل فاتورة المورد بنجاح.'], 201);
E:\purchasing system\app\Http\Controllers\Api\V1\SystemEventController.php:78:if ($user->hasRole('admin') || $user->hasRole('procurement_manager')) {
E:\purchasing system\app\Http\Controllers\Api\V1\SystemEventController.php:86:if ($user->hasRole('reviewer')) {
E:\purchasing system\app\Http\Controllers\Api\V1\SystemEventController.php:103:|| $user->hasRole('procurement_manager')
E:\purchasing system\app\Http\Requests\Procurement\CreatePurchaseOrderRequest.php:18:'purchase_request_id' => ['required', 'integer', 'exists:purchase_requests,id'],
E:\purchasing system\app\Http\Requests\PurchaseRequest\StorePurchaseRequestRequest.php:19:'reviewer_user_id' => ['nullable', 'integer', 'exists:users,id'],
E:\purchasing system\app\Http\Resources\NotificationResource.php:19:$data['purchase_request_id'] = $this->notifiable_id;
E:\purchasing system\app\Http\Resources\NotificationResource.php:21:$data['purchase_order_id'] = $this->notifiable_id;
E:\purchasing system\app\Http\Resources\NotificationResource.php:25:$data['purchase_order_id'] = $this->purchase_order_id;
E:\purchasing system\app\Http\Resources\NotificationResource.php:28:$data['purchase_receipt_id'] = $this->purchase_receipt_id;
E:\purchasing system\app\Http\Resources\PurchaseOrderItemResource.php:14:'purchase_order_id'=> $this->purchase_order_id,
E:\purchasing system\app\Http\Resources\PurchaseOrderResource.php:15:'purchase_request_id' => $this->purchase_request_id,
E:\purchasing system\app\Http\Resources\PurchaseOrderResource.php:16:'selected_quote_id' => $this->selected_quote_id,
E:\purchasing system\app\Http\Resources\PurchaseOrderResource.php:17:'selected_quote' => $this->whenLoaded('selectedQuote', function () {
E:\purchasing system\app\Http\Resources\PurchaseOrderResource.php:21:'unit_price' => number_format((float) $this->selectedQuote->unit_price, 2, '.', ''),
E:\purchasing system\app\Http\Resources\PurchaseOrderResource.php:22:'total_amount' => number_format((float) $this->selectedQuote->total_amount, 2, '.', ''),
E:\purchasing system\app\Http\Resources\PurchaseOrderResource.php:27:'purchase_request' => new PurchaseRequestResource($this->whenLoaded('purchaseRequest')),
E:\purchasing system\app\Http\Resources\PurchaseOrderResource.php:28:'requested_by' => $this->when($this->relationLoaded('purchaseRequest') && $this->purchaseRequest?->relationLoaded('requester'), function () {
E:\purchasing system\app\Http\Resources\PurchaseOrderResource.php:35:'executive_approver' => $this->when($this->relationLoaded('purchaseRequest'), function () {
E:\purchasing system\app\Http\Resources\PurchaseOrderResource.php:37:? $this->purchaseRequest->approvalHistory->first(fn ($item) => in_array($item->action, ['APPROVED_BY_EXECUTIVE', 'EXECUTIVE_SELECTED_QUOTE'], true))
E:\purchasing system\app\Http\Resources\PurchaseOrderResource.php:41:'department_approver' => $this->when($this->relationLoaded('purchaseRequest'), function () {
E:\purchasing system\app\Http\Resources\PurchaseOrderResource.php:43:? $this->purchaseRequest->approvalHistory->firstWhere('action', 'APPROVED_BY_REVIEWER')
E:\purchasing system\app\Http\Resources\PurchaseOrderResource.php:46:?? ($this->purchaseRequest?->relationLoaded('assignedReviewer') ? $this->purchaseRequest->assignedReviewer : null);
E:\purchasing system\app\Http\Resources\PurchaseOrderResource.php:54:'department' => $this->when($this->relationLoaded('purchaseRequest') && $this->purchaseRequest?->relationLoaded('department'), function () {
E:\purchasing system\app\Http\Resources\PurchaseOrderResource.php:86:'items' => PurchaseOrderItemResource::collection($this->whenLoaded('items')),
E:\purchasing system\app\Http\Resources\PurchaseRequestResource.php:16:'procurement_route' => $this->procurement_route,
E:\purchasing system\app\Http\Resources\PurchaseRequestResource.php:19:'purchase_order_issued' => (int) ($this->issued_purchase_orders_count ?? 0) > 0,
E:\purchasing system\app\Http\Resources\PurchaseRequestResource.php:74:'assigned_reviewer' => $this->whenLoaded('assignedReviewer', function () {
E:\purchasing system\app\Http\Resources\PurchaseRequestResource.php:90:'items' => PurchaseRequestItemResource::collection($this->whenLoaded('items')),
E:\purchasing system\app\Http\Resources\PurchaseRequestResource.php:91:'quotes' => $this->whenLoaded('quotes', function () {
E:\purchasing system\app\Http\Resources\PurchaseRequestResource.php:95:'supplier' => $quote->relationLoaded('supplier') && $quote->supplier ? [
E:\purchasing system\app\Http\Resources\PurchaseRequestResource.php:99:'unit_price' => number_format((float) $quote->unit_price, 2, '.', ''),
E:\purchasing system\app\Http\Resources\PurchaseRequestResource.php:100:'total_amount' => number_format((float) $quote->total_amount, 2, '.', ''),
E:\purchasing system\app\Http\Resources\PurchaseRequestResource.php:104:'recommendations' => $quote->relationLoaded('recommendations')
E:\purchasing system\app\Http\Resources\PurchaseRequestResource.php:118:'selected_quote' => $this->whenLoaded('selectedQuote', function () {
E:\purchasing system\app\Http\Resources\PurchaseRequestResource.php:122:'supplier' => $this->selectedQuote->relationLoaded('supplier') && $this->selectedQuote->supplier
E:\purchasing system\app\Http\Resources\PurchaseRequestResource.php:123:? ['id' => $this->selectedQuote->supplier->id, 'company_name' => $this->selectedQuote->supplier->company_name]
E:\purchasing system\app\Http\Resources\PurchaseRequestResource.php:125:'unit_price' => number_format((float) $this->selectedQuote->unit_price, 2, '.', ''),
E:\purchasing system\app\Http\Resources\PurchaseRequestResource.php:126:'total_amount' => number_format((float) $this->selectedQuote->total_amount, 2, '.', ''),
E:\purchasing system\app\Models\Notification.php:23:'purchase_order_id',
E:\purchasing system\app\Models\Notification.php:24:'purchase_receipt_id',
E:\purchasing system\app\Models\PurchaseOrder.php:17:protected $table = 'purchase_orders';
E:\purchasing system\app\Models\PurchaseOrder.php:21:'purchase_request_id',
E:\purchasing system\app\Models\PurchaseOrder.php:22:'selected_quote_id',
E:\purchasing system\app\Models\PurchaseOrder.php:36:'reviewed_by_accounting_user_id',
E:\purchasing system\app\Models\PurchaseOrder.php:37:'reviewed_at_accounting',
E:\purchasing system\app\Models\PurchaseOrder.php:49:'reviewed_at_accounting' => 'datetime',
E:\purchasing system\app\Models\PurchaseOrder.php:55:return $this->belongsTo(PurchaseRequest::class, 'purchase_request_id');
E:\purchasing system\app\Models\PurchaseOrder.php:60:return $this->belongsTo(PurchaseRequestQuote::class, 'selected_quote_id');
E:\purchasing system\app\Models\PurchaseOrder.php:75:return $this->belongsTo(User::class, 'reviewed_by_accounting_user_id');
E:\purchasing system\app\Models\PurchaseOrder.php:80:return $this->hasMany(PurchaseOrderItem::class, 'purchase_order_id');
E:\purchasing system\app\Models\PurchaseOrder.php:85:return $this->hasMany(PurchaseReceipt::class, 'purchase_order_id');
E:\purchasing system\app\Models\PurchaseOrder.php:90:return $this->hasMany(SupplierInvoice::class, 'purchase_order_id');
E:\purchasing system\app\Models\PurchaseOrderItem.php:14:protected $table = 'purchase_order_items';
E:\purchasing system\app\Models\PurchaseOrderItem.php:17:'purchase_order_id',
E:\purchasing system\app\Models\PurchaseOrderItem.php:41:return $this->belongsTo(PurchaseOrder::class, 'purchase_order_id');
E:\purchasing system\app\Models\PurchaseReceipt.php:15:'purchase_order_id',
E:\purchasing system\app\Models\PurchaseReceipt.php:16:'purchase_request_id',
E:\purchasing system\app\Models\PurchaseReceipt.php:19:'receipt_number',
E:\purchasing system\app\Models\PurchaseReceipt.php:65:return $this->hasMany(SupplierInvoice::class, 'purchase_receipt_id');
E:\purchasing system\app\Models\PurchaseReceiptItem.php:14:'purchase_receipt_id',
E:\purchasing system\app\Models\PurchaseReceiptItem.php:15:'purchase_order_item_id',
E:\purchasing system\app\Models\PurchaseReceiptItem.php:31:return $this->belongsTo(PurchaseReceipt::class, 'purchase_receipt_id');
E:\purchasing system\app\Models\PurchaseReceiptItem.php:36:return $this->belongsTo(PurchaseOrderItem::class, 'purchase_order_item_id');
E:\purchasing system\app\Models\PurchaseRequest.php:21:'UNDER_REVIEW',
E:\purchasing system\app\Models\PurchaseRequest.php:34:'UNDER_REVIEW',
E:\purchasing system\app\Models\PurchaseRequest.php:35:'PENDING_PROCUREMENT_APPROVAL',
E:\purchasing system\app\Models\PurchaseRequest.php:36:'APPROVED_BY_REVIEWER',
E:\purchasing system\app\Models\PurchaseRequest.php:46:protected $table = 'purchase_requests';
E:\purchasing system\app\Models\PurchaseRequest.php:53:'reviewer_user_id',
E:\purchasing system\app\Models\PurchaseRequest.php:55:'selected_quote_id',
E:\purchasing system\app\Models\PurchaseRequest.php:58:'procurement_route',
E:\purchasing system\app\Models\PurchaseRequest.php:101:return $this->belongsTo(User::class, 'reviewer_user_id');
E:\purchasing system\app\Models\PurchaseRequest.php:111:return $this->belongsTo(PurchaseRequestQuote::class, 'selected_quote_id');
E:\purchasing system\app\Models\PurchaseRequest.php:121:return $this->hasMany(PurchaseRequestQuote::class, 'purchase_request_id');
E:\purchasing system\app\Models\PurchaseRequest.php:126:return $this->hasMany(PurchaseRequestItem::class, 'purchase_request_id');
E:\purchasing system\app\Models\PurchaseRequest.php:131:return $this->hasMany(PurchaseOrder::class, 'purchase_request_id');
E:\purchasing system\app\Models\PurchaseRequestItem.php:15:protected $table = 'purchase_request_items';
E:\purchasing system\app\Models\PurchaseRequestItem.php:18:'purchase_request_id',
E:\purchasing system\app\Models\PurchaseRequestItem.php:42:return $this->belongsTo(PurchaseRequest::class, 'purchase_request_id');
E:\purchasing system\app\Models\PurchaseRequestQuote.php:15:'purchase_request_id',
E:\purchasing system\app\Models\PurchaseRequestQuoteRecommendation.php:14:'purchase_request_quote_id',
E:\purchasing system\app\Models\PurchaseRequestQuoteRecommendation.php:23:return $this->belongsTo(PurchaseRequestQuote::class, 'purchase_request_quote_id');
E:\purchasing system\app\Models\SupplierBalance.php:14:'total_invoiced',
E:\purchasing system\app\Models\SupplierBalance.php:23:'total_invoiced' => 'decimal:2',
E:\purchasing system\app\Models\SupplierInvoice.php:15:'purchase_order_id',
E:\purchasing system\app\Models\SupplierInvoice.php:16:'purchase_receipt_id',
E:\purchasing system\app\Models\SupplierInvoice.php:18:'invoice_number',
E:\purchasing system\app\Models\SupplierInvoice.php:20:'invoice_date',
E:\purchasing system\app\Models\SupplierInvoice.php:36:'invoice_date' => 'date',
E:\purchasing system\app\Models\SupplierInvoiceLandAllocation.php:14:'supplier_invoice_id',
E:\purchasing system\app\Models\SupplierInvoiceLandAllocation.php:30:return $this->belongsTo(SupplierInvoice::class, 'supplier_invoice_id');
E:\purchasing system\app\Models\SupplierPaymentAllocation.php:14:'supplier_invoice_id',
E:\purchasing system\app\Models\SupplierPaymentAllocation.php:32:return $this->belongsTo(SupplierInvoice::class, 'supplier_invoice_id');
E:\purchasing system\app\Models\User.php:70:return $this->hasMany(PurchaseOrder::class, 'reviewed_by_accounting_user_id');
E:\purchasing system\app\Services\AccountingPurchaseOrderService.php:19:return PurchaseOrder::with(['purchaseRequest.requester', 'purchaseRequest.department', 'purchaseRequest.assignedReviewer', 'purchaseRequest.approvalHistory.actor', 'supplier', 'createdBy', 'accountingReviewer', 'items.item:id,name,sku'])
E:\purchasing system\app\Services\AccountingPurchaseOrderService.php:20:->whereIn('status', ['ISSUED', 'PENDING_ACCOUNTING_REVIEW', 'APPROVED_BY_ACCOUNTING', 'RETURNED_TO_PROCUREMENT'])
E:\purchasing system\app\Services\AccountingPurchaseOrderService.php:30:if ($po->status !== 'PENDING_ACCOUNTING_REVIEW') {
E:\purchasing system\app\Services\AccountingPurchaseOrderService.php:31:throw new \RuntimeException('Only purchase orders pending accounting review can be approved.');
E:\purchasing system\app\Services\AccountingPurchaseOrderService.php:38:'status' => 'APPROVED_BY_ACCOUNTING',
E:\purchasing system\app\Services\AccountingPurchaseOrderService.php:39:'reviewed_by_accounting_user_id' => $accountant->id,
E:\purchasing system\app\Services\AccountingPurchaseOrderService.php:40:'reviewed_at_accounting' => now(),
E:\purchasing system\app\Services\AccountingPurchaseOrderService.php:48:'action' => 'ACCOUNTING_APPROVED',
E:\purchasing system\app\Services\AccountingPurchaseOrderService.php:49:'from_state' => 'PENDING_ACCOUNTING_REVIEW',
E:\purchasing system\app\Services\AccountingPurchaseOrderService.php:50:'to_state' => 'APPROVED_BY_ACCOUNTING',
E:\purchasing system\app\Services\AccountingPurchaseOrderService.php:51:'comments' => $comment ?? 'Financial review approved by accounting.',
E:\purchasing system\app\Services\AccountingPurchaseOrderService.php:58:'action' => 'ACCOUNTING_APPROVED',
E:\purchasing system\app\Services\AccountingPurchaseOrderService.php:60:'old_value' => 'PENDING_ACCOUNTING_REVIEW',
E:\purchasing system\app\Services\AccountingPurchaseOrderService.php:61:'new_value' => 'APPROVED_BY_ACCOUNTING',
E:\purchasing system\app\Services\AccountingPurchaseOrderService.php:66:$gms = $notificationService->resolveUsersWithPermission('purchase_order.view_gm');
E:\purchasing system\app\Services\AccountingPurchaseOrderService.php:67:$notificationService->notifyUsers(
E:\purchasing system\app\Services\AccountingPurchaseOrderService.php:69:'purchase_order_approved_accounting',
E:\purchasing system\app\Services\AccountingPurchaseOrderService.php:76:return $lockedPo->fresh(['purchaseRequest.requester', 'purchaseRequest.department', 'purchaseRequest.assignedReviewer', 'purchaseRequest.approvalHistory.actor', 'supplier', 'createdBy', 'accountingReviewer', 'items.item:id,name,sku']);
E:\purchasing system\app\Services\AccountingPurchaseOrderService.php:85:if ($po->status !== 'PENDING_ACCOUNTING_REVIEW') {
E:\purchasing system\app\Services\AccountingPurchaseOrderService.php:86:throw new \RuntimeException('Only purchase orders pending accounting review can be returned.');
E:\purchasing system\app\Services\AccountingPurchaseOrderService.php:93:'status' => 'RETURNED_TO_PROCUREMENT',
E:\purchasing system\app\Services\AccountingPurchaseOrderService.php:94:'reviewed_by_accounting_user_id' => $accountant->id,
E:\purchasing system\app\Services\AccountingPurchaseOrderService.php:95:'reviewed_at_accounting' => now(),
E:\purchasing system\app\Services\AccountingPurchaseOrderService.php:103:'action' => 'RETURNED_TO_PROCUREMENT',
E:\purchasing system\app\Services\AccountingPurchaseOrderService.php:104:'from_state' => 'PENDING_ACCOUNTING_REVIEW',
E:\purchasing system\app\Services\AccountingPurchaseOrderService.php:105:'to_state' => 'RETURNED_TO_PROCUREMENT',
E:\purchasing system\app\Services\AccountingPurchaseOrderService.php:113:'action' => 'RETURNED_TO_PROCUREMENT',
E:\purchasing system\app\Services\AccountingPurchaseOrderService.php:115:'old_value' => 'PENDING_ACCOUNTING_REVIEW',
E:\purchasing system\app\Services\AccountingPurchaseOrderService.php:116:'new_value' => 'RETURNED_TO_PROCUREMENT',
E:\purchasing system\app\Services\AccountingPurchaseOrderService.php:121:$notificationService->createNotification(
E:\purchasing system\app\Services\AccountingPurchaseOrderService.php:123:'purchase_order_returned',
E:\purchasing system\app\Services\AccountingPurchaseOrderService.php:129:return $lockedPo->fresh(['purchaseRequest.requester', 'purchaseRequest.department', 'purchaseRequest.assignedReviewer', 'purchaseRequest.approvalHistory.actor', 'supplier', 'createdBy', 'accountingReviewer', 'items.item:id,name,sku']);
E:\purchasing system\app\Services\AccountingPurchaseRequestService.php:17:public const PENDING_STATUS = 'PENDING_ACCOUNTING_APPROVAL';
E:\purchasing system\app\Services\AccountingPurchaseRequestService.php:18:public const APPROVED_STATUS = 'APPROVED_BY_ACCOUNTING';
E:\purchasing system\app\Services\AccountingPurchaseRequestService.php:27:'assignedReviewer:id,name,email,department_id',
E:\purchasing system\app\Services\AccountingPurchaseRequestService.php:53:'action' => 'ACCOUNTING_APPROVED_DIRECT',
E:\purchasing system\app\Services\AccountingPurchaseRequestService.php:63:'action' => 'ACCOUNTING_APPROVED_DIRECT',
E:\purchasing system\app\Services\AccountingPurchaseRequestService.php:71:'ACCOUNTING_APPROVED_DIRECT',
E:\purchasing system\app\Services\AccountingPurchaseRequestService.php:74:'event_type' => 'purchase_request.accounting_approved_direct',
E:\purchasing system\app\Services\AccountingPurchaseRequestService.php:83:$notificationService->notifyUsers(
E:\purchasing system\app\Services\AccountingPurchaseRequestService.php:84:$notificationService->resolveUsersWithPermission('purchase_request.approve_procurement'),
E:\purchasing system\app\Services\AccountingPurchaseRequestService.php:85:'purchase_request_pending_procurement_po',
E:\purchasing system\app\Services\AccountingPurchaseRequestService.php:90:$notificationService->createNotification(
E:\purchasing system\app\Services\AccountingPurchaseRequestService.php:92:'purchase_request_accounting_approved_direct',
E:\purchasing system\app\Services\AccountingPurchaseRequestService.php:117:'action' => 'ACCOUNTING_REJECTED_DIRECT',
E:\purchasing system\app\Services\AccountingPurchaseRequestService.php:127:'action' => 'ACCOUNTING_REJECTED_DIRECT',
E:\purchasing system\app\Services\AccountingPurchaseRequestService.php:135:'ACCOUNTING_REJECTED_DIRECT',
E:\purchasing system\app\Services\AccountingPurchaseRequestService.php:138:'event_type' => 'purchase_request.accounting_rejected_direct',
E:\purchasing system\app\Services\AccountingPurchaseRequestService.php:147:$notificationService->createNotification(
E:\purchasing system\app\Services\AccountingPurchaseRequestService.php:149:'purchase_request_accounting_rejected_direct',
E:\purchasing system\app\Services\AccountingPurchaseRequestService.php:154:$notificationService->notifyUsers(
E:\purchasing system\app\Services\AccountingPurchaseRequestService.php:155:$notificationService->resolveUsersWithPermission('purchase_request.view_approved'),
E:\purchasing system\app\Services\AccountingPurchaseRequestService.php:156:'purchase_request_accounting_rejected_direct',
E:\purchasing system\app\Services\AccountingPurchaseRequestService.php:215:'action' => 'ACCOUNTING_FINANCIAL_DATA_UPDATED',
E:\purchasing system\app\Services\AccountingPurchaseRequestService.php:235:'action' => 'ACCOUNTING_FINANCIAL_DATA_UPDATED',
E:\purchasing system\app\Services\AccountingPurchaseRequestService.php:249:'action' => 'ACCOUNTING_FINANCIAL_DATA_UPDATED',
E:\purchasing system\app\Services\AccountingPurchaseRequestService.php:280:'assignedReviewer',
E:\purchasing system\app\Services\GeneralManagerPurchaseOrderService.php:12:'purchaseRequest.requester',
E:\purchasing system\app\Services\GeneralManagerPurchaseOrderService.php:13:'purchaseRequest.department',
E:\purchasing system\app\Services\GeneralManagerPurchaseOrderService.php:16:'accountingReviewer',
E:\purchasing system\app\Services\GeneralManagerPurchaseOrderService.php:19:->whereIn('status', ['ISSUED', 'APPROVED_BY_ACCOUNTING'])
E:\purchasing system\app\Services\GeneralManagerPurchaseOrderService.php:27:'purchaseRequest.requester',
E:\purchasing system\app\Services\GeneralManagerPurchaseOrderService.php:28:'purchaseRequest.department',
E:\purchasing system\app\Services\GeneralManagerPurchaseOrderService.php:29:'purchaseRequest.assignedReviewer',
E:\purchasing system\app\Services\GeneralManagerPurchaseOrderService.php:30:'purchaseRequest.approvalHistory.actor',
E:\purchasing system\app\Services\GeneralManagerPurchaseOrderService.php:33:'accountingReviewer',
E:\purchasing system\app\Services\GeneralManagerPurchaseRequestService.php:15:public const PENDING_STATUS = 'PENDING_EXECUTIVE_APPROVAL';
E:\purchasing system\app\Services\GeneralManagerPurchaseRequestService.php:24:'assignedReviewer:id,name,email,department_id',
E:\purchasing system\app\Services\GeneralManagerPurchaseRequestService.php:31:$query->whereNull('procurement_route')->orWhere('procurement_route', '!=', 'DIRECT');
E:\purchasing system\app\Services\GeneralManagerPurchaseRequestService.php:44:'assignedReviewer:id,name,email,department_id',
E:\purchasing system\app\Services\GeneralManagerPurchaseRequestService.php:51:$query->whereNull('procurement_route')->orWhere('procurement_route', '!=', 'DIRECT');
E:\purchasing system\app\Services\GeneralManagerPurchaseRequestService.php:120:$updateFields['status'] = 'PENDING_PROCUREMENT_APPROVAL';
E:\purchasing system\app\Services\GeneralManagerPurchaseRequestService.php:127:'action' => 'EDITED_BY_EXECUTIVE',
E:\purchasing system\app\Services\GeneralManagerPurchaseRequestService.php:129:'to_state' => 'PENDING_PROCUREMENT_APPROVAL',
E:\purchasing system\app\Services\GeneralManagerPurchaseRequestService.php:137:'action' => 'EDITED_BY_EXECUTIVE',
E:\purchasing system\app\Services\GeneralManagerPurchaseRequestService.php:139:'new_value' => json_encode(['status' => 'PENDING_PROCUREMENT_APPROVAL'], JSON_UNESCAPED_UNICODE),
E:\purchasing system\app\Services\GeneralManagerPurchaseRequestService.php:148:'assignedReviewer',
E:\purchasing system\app\Services\GeneralManagerPurchaseRequestService.php:163:'status' => 'PENDING_PROCUREMENT_APPROVAL',
E:\purchasing system\app\Services\GeneralManagerPurchaseRequestService.php:170:'action' => 'APPROVED_BY_EXECUTIVE',
E:\purchasing system\app\Services\GeneralManagerPurchaseRequestService.php:172:'to_state' => 'PENDING_PROCUREMENT_APPROVAL',
E:\purchasing system\app\Services\GeneralManagerPurchaseRequestService.php:178:'APPROVED_BY_EXECUTIVE',
E:\purchasing system\app\Services\GeneralManagerPurchaseRequestService.php:181:'event_type' => 'purchase_request.approved_by_executive',
E:\purchasing system\app\Services\GeneralManagerPurchaseRequestService.php:183:'to_state' => 'PENDING_PROCUREMENT_APPROVAL',
E:\purchasing system\app\Services\GeneralManagerPurchaseRequestService.php:189:app(NotificationService::class)->createNotification(
E:\purchasing system\app\Services\GeneralManagerPurchaseRequestService.php:191:'purchase_request_approved_by_executive',
E:\purchasing system\app\Services\GeneralManagerPurchaseRequestService.php:198:return $pr->fresh(['requester', 'department', 'assignedReviewer', 'siteEngineer', 'items.item', 'approvalHistory']);
E:\purchasing system\app\Services\GeneralManagerPurchaseRequestService.php:217:'action' => 'REJECTED_BY_EXECUTIVE',
E:\purchasing system\app\Services\GeneralManagerPurchaseRequestService.php:225:'REJECTED_BY_EXECUTIVE',
E:\purchasing system\app\Services\GeneralManagerPurchaseRequestService.php:228:'event_type' => 'purchase_request.rejected_by_executive',
E:\purchasing system\app\Services\GeneralManagerPurchaseRequestService.php:235:app(NotificationService::class)->createNotification(
E:\purchasing system\app\Services\GeneralManagerPurchaseRequestService.php:237:'purchase_request_rejected_by_executive',
E:\purchasing system\app\Services\GeneralManagerPurchaseRequestService.php:243:return $pr->fresh(['requester', 'department', 'assignedReviewer', 'siteEngineer', 'items.item', 'approvalHistory']);
E:\purchasing system\app\Services\GeneralManagerPurchaseRequestService.php:257:$procurementManagers = $notificationService->resolveUsersWithPermission('purchase_request.approve_procurement');
E:\purchasing system\app\Services\GeneralManagerPurchaseRequestService.php:258:$notificationService->notifyUsers(
E:\purchasing system\app\Services\GeneralManagerPurchaseRequestService.php:260:'purchase_request_pending_procurement',
E:\purchasing system\app\Services\LandParcelService.php:101:'parcel' => $parcel->load(['transactions.createdBy', 'invoiceAllocations.invoice.supplier']),
E:\purchasing system\app\Services\LandParcelService.php:110:'invoice_allocations' => $parcel->invoiceAllocations()->with(['invoice.supplier', 'invoice.purchaseOrder'])->orderByDesc('created_at')->get(),
E:\purchasing system\app\Services\LandParcelService.php:153:'supplier_invoice_id' => $invoice->id,
E:\purchasing system\app\Services\LandParcelService.php:162:'transaction_type' => 'INVOICE_EXPENSE',
E:\purchasing system\app\Services\NotificationService.php:64:public function createNotification(User|int $recipient, string $type, string $title, string $message, Model $notifiable): ?Notification
E:\purchasing system\app\Services\NotificationService.php:90:public function notifyUsers(iterable $recipients, string $type, string $title, string $message, Model $notifiable): void
E:\purchasing system\app\Services\NotificationService.php:93:$this->createNotification($recipient, $type, $title, $message, $notifiable);
E:\purchasing system\app\Services\NotificationService.php:107:'type' => 'purchase_order_and_receipt_ready_accounting',
E:\purchasing system\app\Services\NotificationService.php:110:'purchase_order_id' => $purchaseOrder->id,
E:\purchasing system\app\Services\NotificationService.php:111:'purchase_receipt_id' => $purchaseReceipt->id,
E:\purchasing system\app\Services\NotificationService.php:116:'purchase_order_id' => $purchaseOrder->id,
E:\purchasing system\app\Services\NotificationService.php:117:'purchase_receipt_id' => $purchaseReceipt->id,
E:\purchasing system\app\Services\ProcurementPurchaseRequestService.php:21:return PurchaseRequest::with(['requester.roles', 'department', 'targetDepartment', 'assignedReviewer', 'siteEngineer', 'directSupplier', 'items.item', 'approvalHistory.actor'])->withCount(['purchaseOrders as issued_purchase_orders_count' => function ($query) {
E:\purchasing system\app\Services\ProcurementPurchaseRequestService.php:25:->where('status', 'PENDING_PROCUREMENT_APPROVAL')
E:\purchasing system\app\Services\ProcurementPurchaseRequestService.php:27:$route->whereNull('procurement_route')->orWhere('procurement_route', '!=', 'DIRECT');
E:\purchasing system\app\Services\ProcurementPurchaseRequestService.php:38:$query = PurchaseRequest::with(['requester.roles', 'department', 'targetDepartment.manager', 'targetDepartment.siteEngineer', 'assignedReviewer', 'siteEngineer', 'items.item', 'quotes.supplier', 'quotes.recommendations.user']);
E:\purchasing system\app\Services\ProcurementPurchaseRequestService.php:40:if ($actor?->hasRole('procurement_manager')) {
E:\purchasing system\app\Services\ProcurementPurchaseRequestService.php:41:$query->where('status', 'PENDING_QUOTE_RECOMMENDATIONS')
E:\purchasing system\app\Services\ProcurementPurchaseRequestService.php:42:->whereDoesntHave('quotes');
E:\purchasing system\app\Services\ProcurementPurchaseRequestService.php:43:} elseif ($actor?->hasRole('reviewer')) {
E:\purchasing system\app\Services\ProcurementPurchaseRequestService.php:45:$query->where('status', 'PENDING_QUOTE_RECOMMENDATIONS')
E:\purchasing system\app\Services\ProcurementPurchaseRequestService.php:46:->whereHas('quotes')
E:\purchasing system\app\Services\ProcurementPurchaseRequestService.php:48:$scopeQuery->where('reviewer_user_id', $actor->id)
E:\purchasing system\app\Services\ProcurementPurchaseRequestService.php:54:$query->where('status', 'PENDING_QUOTE_RECOMMENDATIONS')
E:\purchasing system\app\Services\ProcurementPurchaseRequestService.php:55:->whereHas('quotes');
E:\purchasing system\app\Services\ProcurementPurchaseRequestService.php:57:$query->where('status', 'PENDING_EXECUTIVE_QUOTE_DECISION')
E:\purchasing system\app\Services\ProcurementPurchaseRequestService.php:58:->whereHas('quotes');
E:\purchasing system\app\Services\ProcurementPurchaseRequestService.php:60:$query->whereIn('status', ['PENDING_QUOTE_RECOMMENDATIONS', 'PENDING_EXECUTIVE_QUOTE_DECISION'])
E:\purchasing system\app\Services\ProcurementPurchaseRequestService.php:61:->whereHas('quotes');
E:\purchasing system\app\Services\ProcurementPurchaseRequestService.php:72:return PurchaseRequest::with(['requester.roles', 'department', 'assignedReviewer', 'siteEngineer', 'directSupplier', 'items.item', 'selectedQuote.supplier', 'quotes.supplier', 'approvalHistory.actor'])->withCount(['purchaseOrders as issued_purchase_orders_count' => function ($query) {
E:\purchasing system\app\Services\ProcurementPurchaseRequestService.php:78:->where('status', 'APPROVED_BY_PROCUREMENT')
E:\purchasing system\app\Services\ProcurementPurchaseRequestService.php:80:$route->whereNull('procurement_route')->orWhere('procurement_route', '!=', 'DIRECT');
E:\purchasing system\app\Services\ProcurementPurchaseRequestService.php:84:->where('status', 'APPROVED_BY_ACCOUNTING')
E:\purchasing system\app\Services\ProcurementPurchaseRequestService.php:85:->where('procurement_route', 'DIRECT');
E:\purchasing system\app\Services\ProcurementPurchaseRequestService.php:97:if ($request->status !== 'PENDING_PROCUREMENT_APPROVAL') {
E:\purchasing system\app\Services\ProcurementPurchaseRequestService.php:98:throw new \RuntimeException('Only purchase requests pending procurement approval can be approved by the procurement manager.');
E:\purchasing system\app\Services\ProcurementPurchaseRequestService.php:106:throw new \RuntimeException('Cannot approve a purchase request with no line items.');
E:\purchasing system\app\Services\ProcurementPurchaseRequestService.php:113:'status' => 'PENDING_QUOTE_RECOMMENDATIONS',
E:\purchasing system\app\Services\ProcurementPurchaseRequestService.php:114:'procurement_route' => 'QUOTES',
E:\purchasing system\app\Services\ProcurementPurchaseRequestService.php:121:'action' => 'THREE_QUOTES_REQUIRED',
E:\purchasing system\app\Services\ProcurementPurchaseRequestService.php:122:'from_state' => 'PENDING_PROCUREMENT_APPROVAL',
E:\purchasing system\app\Services\ProcurementPurchaseRequestService.php:123:'to_state' => 'PENDING_QUOTE_RECOMMENDATIONS',
E:\purchasing system\app\Services\ProcurementPurchaseRequestService.php:129:'THREE_QUOTES_REQUIRED',
E:\purchasing system\app\Services\ProcurementPurchaseRequestService.php:131:['event_type' => 'purchase_request.quotes_required', 'from_state' => 'PENDING_PROCUREMENT_APPROVAL', 'to_state' => 'PENDING_QUOTE_RECOMMENDATIONS', 'actor_user_id' => $procurementManager->id, 'metadata' => ['comment' => $comment]]
E:\purchasing system\app\Services\ProcurementPurchaseRequestService.php:138:'action' => 'THREE_QUOTES_REQUIRED',
E:\purchasing system\app\Services\ProcurementPurchaseRequestService.php:140:'old_value' => 'PENDING_PROCUREMENT_APPROVAL',
E:\purchasing system\app\Services\ProcurementPurchaseRequestService.php:141:'new_value' => 'PENDING_QUOTE_RECOMMENDATIONS',
E:\purchasing system\app\Services\ProcurementPurchaseRequestService.php:153:if ($request->status !== 'PENDING_PROCUREMENT_APPROVAL') {
E:\purchasing system\app\Services\ProcurementPurchaseRequestService.php:216:'status' => 'PENDING_ACCOUNTING_APPROVAL',
E:\purchasing system\app\Services\ProcurementPurchaseRequestService.php:217:'procurement_route' => 'DIRECT',
E:\purchasing system\app\Services\ProcurementPurchaseRequestService.php:227:'action' => 'DIRECT_ACCOUNTING_REVIEW_REQUIRED',
E:\purchasing system\app\Services\ProcurementPurchaseRequestService.php:228:'from_state' => 'PENDING_PROCUREMENT_APPROVAL',
E:\purchasing system\app\Services\ProcurementPurchaseRequestService.php:229:'to_state' => 'PENDING_ACCOUNTING_APPROVAL',
E:\purchasing system\app\Services\ProcurementPurchaseRequestService.php:237:'action' => 'DIRECT_ACCOUNTING_REVIEW_REQUIRED',
E:\purchasing system\app\Services\ProcurementPurchaseRequestService.php:239:'old_value' => 'PENDING_PROCUREMENT_APPROVAL',
E:\purchasing system\app\Services\ProcurementPurchaseRequestService.php:240:'new_value' => 'PENDING_ACCOUNTING_APPROVAL',
E:\purchasing system\app\Services\ProcurementPurchaseRequestService.php:245:'DIRECT_ACCOUNTING_REVIEW_REQUIRED',
E:\purchasing system\app\Services\ProcurementPurchaseRequestService.php:248:'event_type' => 'purchase_request.direct_accounting_review_required',
E:\purchasing system\app\Services\ProcurementPurchaseRequestService.php:249:'from_state' => 'PENDING_PROCUREMENT_APPROVAL',
E:\purchasing system\app\Services\ProcurementPurchaseRequestService.php:250:'to_state' => 'PENDING_ACCOUNTING_APPROVAL',
E:\purchasing system\app\Services\ProcurementPurchaseRequestService.php:252:'metadata' => ['comment' => $comment, 'requires_quotes' => false, 'supplier_id' => $supplier->id, 'total_estimated_cost' => round($grandTotal, 2)],
E:\purchasing system\app\Services\ProcurementPurchaseRequestService.php:257:$notificationService->notifyUsers(
E:\purchasing system\app\Services\ProcurementPurchaseRequestService.php:258:$notificationService->resolveUsersWithPermission('purchase_request.accounting_view'),
E:\purchasing system\app\Services\ProcurementPurchaseRequestService.php:259:'purchase_request_pending_accounting_approval',
E:\purchasing system\app\Services\ProcurementPurchaseRequestService.php:265:return $pr->fresh(['requester.roles', 'department', 'targetDepartment', 'directSupplier', 'assignedReviewer', 'siteEngineer', 'items.item', 'approvalHistory']);
E:\purchasing system\app\Services\ProcurementPurchaseRequestService.php:289:'procurement_route' => 'DIRECT',
E:\purchasing system\app\Services\ProcurementPurchaseRequestService.php:290:'status' => 'PENDING_ACCOUNTING_APPROVAL',
E:\purchasing system\app\Services\ProcurementPurchaseRequestService.php:317:'action' => 'DIRECT_PURCHASE_REQUEST_CREATED',
E:\purchasing system\app\Services\ProcurementPurchaseRequestService.php:319:'to_state' => 'PENDING_ACCOUNTING_APPROVAL',
E:\purchasing system\app\Services\ProcurementPurchaseRequestService.php:327:'action' => 'DIRECT_PURCHASE_REQUEST_CREATED',
E:\purchasing system\app\Services\ProcurementPurchaseRequestService.php:330:'new_value' => 'PENDING_ACCOUNTING_APPROVAL',
E:\purchasing system\app\Services\ProcurementPurchaseRequestService.php:335:'DIRECT_PURCHASE_REQUEST_CREATED',
E:\purchasing system\app\Services\ProcurementPurchaseRequestService.php:338:'event_type' => 'purchase_request.direct_created',
E:\purchasing system\app\Services\ProcurementPurchaseRequestService.php:340:'to_state' => 'PENDING_ACCOUNTING_APPROVAL',
E:\purchasing system\app\Services\ProcurementPurchaseRequestService.php:347:$notificationService->notifyUsers(
E:\purchasing system\app\Services\ProcurementPurchaseRequestService.php:348:$notificationService->resolveUsersWithPermission('purchase_request.accounting_view'),
E:\purchasing system\app\Services\ProcurementPurchaseRequestService.php:349:'purchase_request_pending_accounting_approval',
E:\purchasing system\app\Services\ProcurementPurchaseRequestService.php:371:if ($request->status !== 'PENDING_PROCUREMENT_APPROVAL') {
E:\purchasing system\app\Services\ProcurementPurchaseRequestService.php:372:throw new \RuntimeException('Only purchase requests pending procurement approval can be rejected by the procurement manager.');
E:\purchasing system\app\Services\ProcurementPurchaseRequestService.php:387:'action' => 'REJECTED_BY_PROCUREMENT',
E:\purchasing system\app\Services\ProcurementPurchaseRequestService.php:388:'from_state' => 'PENDING_PROCUREMENT_APPROVAL',
E:\purchasing system\app\Services\ProcurementPurchaseRequestService.php:395:'REJECTED_BY_PROCUREMENT',
E:\purchasing system\app\Services\ProcurementPurchaseRequestService.php:397:['event_type' => 'purchase_request.rejected_by_procurement', 'from_state' => 'PENDING_PROCUREMENT_APPROVAL', 'to_state' => 'REJECTED', 'actor_user_id' => $procurementManager->id, 'metadata' => ['comment' => $comment]]
E:\purchasing system\app\Services\ProcurementPurchaseRequestService.php:404:'action' => 'PROCUREMENT_REJECTED',
E:\purchasing system\app\Services\ProcurementPurchaseRequestService.php:406:'old_value' => 'PENDING_PROCUREMENT_APPROVAL',
E:\purchasing system\app\Services\ProcurementPurchaseRequestService.php:416:$notificationService->createNotification(
E:\purchasing system\app\Services\ProcurementPurchaseRequestService.php:418:'purchase_request_rejected_procurement',
E:\purchasing system\app\Services\PurchaseOrderService.php:56:return PurchaseRequest::with(['requester', 'department', 'assignedReviewer', 'approvalHistory.actor', 'items.item'])
E:\purchasing system\app\Services\PurchaseOrderService.php:57:->where('status', 'APPROVED_BY_PROCUREMENT')
E:\purchasing system\app\Services\PurchaseOrderService.php:77:$pr = PurchaseRequest::with(['items', 'selectedQuote.supplier'])->findOrFail($prId);
E:\purchasing system\app\Services\PurchaseOrderService.php:80:$canCreateFromDirectAccountingApproval = $isDirectPath && $pr->status === 'APPROVED_BY_ACCOUNTING';
E:\purchasing system\app\Services\PurchaseOrderService.php:81:$canCreateFromQuoteDecision = ! $isDirectPath && $pr->status === 'APPROVED_BY_PROCUREMENT';
E:\purchasing system\app\Services\PurchaseOrderService.php:115:$allowedStatus = $isDirectPath ? 'APPROVED_BY_ACCOUNTING' : 'APPROVED_BY_PROCUREMENT';
E:\purchasing system\app\Services\PurchaseOrderService.php:121:$existingPoCount = PurchaseOrder::where('purchase_request_id', $pr->id)
E:\purchasing system\app\Services\PurchaseOrderService.php:126:throw new \RuntimeException('A purchase order already exists for this purchase request.');
E:\purchasing system\app\Services\PurchaseOrderService.php:133:'purchase_request_id' => $pr->id,
E:\purchasing system\app\Services\PurchaseOrderService.php:134:'selected_quote_id' => $selectedQuote?->id,
E:\purchasing system\app\Services\PurchaseOrderService.php:225:'comments' => 'Purchase order created by procurement manager.',
E:\purchasing system\app\Services\PurchaseOrderService.php:232:['event_type' => 'purchase_order.created', 'from_state' => $sourceState, 'to_state' => 'PO_DRAFT', 'actor_user_id' => $user->id, 'metadata' => ['supplier_id' => $supplier->id, 'selected_quote_id' => $selectedQuote?->id]]
E:\purchasing system\app\Services\PurchaseOrderService.php:245:return $po->fresh(['purchaseRequest.requester', 'purchaseRequest.department', 'purchaseRequest.assignedReviewer', 'purchaseRequest.approvalHistory.actor', 'selectedQuote', 'supplier', 'createdBy', 'items.item']);
E:\purchasing system\app\Services\PurchaseOrderService.php:254:if ($po->status !== 'PO_DRAFT' && $po->status !== 'RETURNED_TO_PROCUREMENT') {
E:\purchasing system\app\Services\PurchaseOrderService.php:255:throw new \RuntimeException('Only draft or returned purchase orders can be edited.');
E:\purchasing system\app\Services\PurchaseOrderService.php:289:return $lockedPo->fresh(['purchaseRequest.requester', 'purchaseRequest.department', 'purchaseRequest.assignedReviewer', 'purchaseRequest.approvalHistory.actor', 'selectedQuote', 'supplier', 'createdBy', 'items.item']);
E:\purchasing system\app\Services\PurchaseOrderService.php:298:if ($po->status !== 'PO_DRAFT' && $po->status !== 'RETURNED_TO_PROCUREMENT') {
E:\purchasing system\app\Services\PurchaseOrderService.php:299:throw new \RuntimeException('Only draft or returned purchase orders can be edited.');
E:\purchasing system\app\Services\PurchaseOrderService.php:303:throw new \InvalidArgumentException('Item does not belong to this purchase order.');
E:\purchasing system\app\Services\PurchaseOrderService.php:352:return $lockedPo->fresh(['purchaseRequest.requester', 'purchaseRequest.department', 'purchaseRequest.assignedReviewer', 'purchaseRequest.approvalHistory.actor', 'selectedQuote', 'supplier', 'createdBy', 'items.item']);
E:\purchasing system\app\Services\PurchaseOrderService.php:361:if ($po->status !== 'PO_DRAFT' && $po->status !== 'RETURNED_TO_PROCUREMENT') {
E:\purchasing system\app\Services\PurchaseOrderService.php:362:throw new \RuntimeException('Only draft or returned purchase orders can be edited.');
E:\purchasing system\app\Services\PurchaseOrderService.php:401:return $lockedPo->fresh(['purchaseRequest.requester', 'purchaseRequest.department', 'purchaseRequest.assignedReviewer', 'purchaseRequest.approvalHistory.actor', 'selectedQuote', 'supplier', 'createdBy', 'items.item']);
E:\purchasing system\app\Services\PurchaseOrderService.php:410:if ($po->status !== 'PO_DRAFT' && $po->status !== 'RETURNED_TO_PROCUREMENT') {
E:\purchasing system\app\Services\PurchaseOrderService.php:411:throw new \RuntimeException('Only draft or returned purchase orders can be edited.');
E:\purchasing system\app\Services\PurchaseOrderService.php:415:throw new \InvalidArgumentException('Item does not belong to this purchase order.');
E:\purchasing system\app\Services\PurchaseOrderService.php:435:return $lockedPo->fresh(['purchaseRequest.requester', 'purchaseRequest.department', 'purchaseRequest.assignedReviewer', 'purchaseRequest.approvalHistory.actor', 'selectedQuote', 'supplier', 'createdBy', 'items.item']);
E:\purchasing system\app\Services\PurchaseOrderService.php:444:if ($po->status !== 'PO_DRAFT' && $po->status !== 'RETURNED_TO_PROCUREMENT') {
E:\purchasing system\app\Services\PurchaseOrderService.php:445:throw new \RuntimeException('Only draft or returned purchase orders can be submitted.');
E:\purchasing system\app\Services\PurchaseOrderService.php:450:'items' => ['Cannot submit a purchase order with no line items.'],
E:\purchasing system\app\Services\PurchaseOrderService.php:456:'supplier_id' => ['Purchase order supplier is inactive or missing.'],
E:\purchasing system\app\Services\PurchaseOrderService.php:464:return $lockedPo->fresh(['purchaseRequest.requester', 'purchaseRequest.department', 'purchaseRequest.assignedReviewer', 'purchaseRequest.approvalHistory.actor', 'selectedQuote', 'supplier', 'createdBy', 'items.item']);
E:\purchasing system\app\Services\PurchaseOrderService.php:482:'comments' => 'Purchase order issued by procurement manager.',
E:\purchasing system\app\Services\PurchaseOrderService.php:489:['event_type' => 'purchase_order.issued', 'from_state' => $fromState, 'to_state' => 'ISSUED', 'actor_user_id' => $user->id]
E:\purchasing system\app\Services\PurchaseOrderService.php:504:$accountants = $notificationService->resolveUsersWithPermission('purchase_order.view_accounting');
E:\purchasing system\app\Services\PurchaseOrderService.php:505:$notificationService->notifyUsers(
E:\purchasing system\app\Services\PurchaseOrderService.php:507:'purchase_order_issued_accounting',
E:\purchasing system\app\Services\PurchaseOrderService.php:514:$gms = $notificationService->resolveUsersWithPermission('purchase_order.view_gm');
E:\purchasing system\app\Services\PurchaseOrderService.php:515:$notificationService->notifyUsers(
E:\purchasing system\app\Services\PurchaseOrderService.php:517:'purchase_order_issued_gm',
E:\purchasing system\app\Services\PurchaseOrderService.php:523:return $lockedPo->fresh(['purchaseRequest.requester', 'purchaseRequest.department', 'purchaseRequest.assignedReviewer', 'purchaseRequest.approvalHistory.actor', 'selectedQuote', 'supplier', 'createdBy', 'items.item']);
E:\purchasing system\app\Services\PurchaseQuoteService.php:16:public const QUOTES_PENDING = 'PENDING_QUOTE_RECOMMENDATIONS';
E:\purchasing system\app\Services\PurchaseQuoteService.php:17:public const EXECUTIVE_DECISION_PENDING = 'PENDING_EXECUTIVE_QUOTE_DECISION';
E:\purchasing system\app\Services\PurchaseQuoteService.php:28:'quotes' => ['يجب إدخال عرضين على الأقل.'],
E:\purchasing system\app\Services\PurchaseQuoteService.php:35:'quotes' => ['يجب اختيار مورد مختلف لكل عرض.'],
E:\purchasing system\app\Services\PurchaseQuoteService.php:48:'quotes' => ['يجب إدخال سعر وحدة وإجمالي موجب لكل عرض.'],
E:\purchasing system\app\Services\PurchaseQuoteService.php:61:'quotes' => ['يجب أن تكون قيمة كل عرض مختلفة عن العروض الأخرى.'],
E:\purchasing system\app\Services\PurchaseQuoteService.php:71:'quotes' => ['يجب أن يكون كل الموردين المختارين نشطين.'],
E:\purchasing system\app\Services\PurchaseQuoteService.php:83:'supplier_id' => (int) $quote['supplier_id'],
E:\purchasing system\app\Services\PurchaseQuoteService.php:85:'total_amount' => (float) $quote['total_amount'],
E:\purchasing system\app\Services\PurchaseQuoteService.php:86:'unit_price' => (float) $quote['unit_price'],
E:\purchasing system\app\Services\PurchaseQuoteService.php:88:'notes' => $quote['notes'] ?? null,
E:\purchasing system\app\Services\PurchaseQuoteService.php:98:'action' => 'QUOTES_SUBMITTED',
E:\purchasing system\app\Services\PurchaseQuoteService.php:110:$accountants = $notificationService->resolveUsersWithPermission('purchase_quote.recommend');
E:\purchasing system\app\Services\PurchaseQuoteService.php:111:$notificationService->notifyUsers(
E:\purchasing system\app\Services\PurchaseQuoteService.php:113:'purchase_quote_pending_recommendation',
E:\purchasing system\app\Services\PurchaseQuoteService.php:121:return $pr->fresh(['requester.roles', 'department', 'assignedReviewer', 'siteEngineer', 'quotes.supplier', 'quotes.recommendations.user', 'items.item', 'approvalHistory']);
E:\purchasing system\app\Services\PurchaseQuoteService.php:142:$roleType = $actor->hasRole('accountant') ? 'ACCOUNTING' : 'DEPARTMENT';
E:\purchasing system\app\Services\PurchaseQuoteService.php:143:if ($isExecutiveRequester && $roleType !== 'ACCOUNTING') {
E:\purchasing system\app\Services\PurchaseQuoteService.php:155:'purchase_request_quote_id' => $quote->id,
E:\purchasing system\app\Services\PurchaseQuoteService.php:162:$requiredRoleTypes = $isExecutiveRequester ? ['ACCOUNTING'] : ['ACCOUNTING', 'DEPARTMENT'];
E:\purchasing system\app\Services\PurchaseQuoteService.php:163:$recommendationCount = PurchaseRequestQuoteRecommendation::whereHas('quote', fn ($q) => $q->where('purchase_request_id', $request->id))
E:\purchasing system\app\Services\PurchaseQuoteService.php:171:$executives = app(NotificationService::class)->resolveUsersWithPermission('purchase_quote.decide');
E:\purchasing system\app\Services\PurchaseQuoteService.php:172:app(NotificationService::class)->notifyUsers(
E:\purchasing system\app\Services\PurchaseQuoteService.php:174:'purchase_quote_recommendations_ready',
E:\purchasing system\app\Services\PurchaseQuoteService.php:183:return $request->fresh(['quotes.supplier', 'quotes.recommendations.user', 'requester.roles', 'department', 'items.item']);
E:\purchasing system\app\Services\PurchaseQuoteService.php:200:'selected_quote_id' => $quote->id,
E:\purchasing system\app\Services\PurchaseQuoteService.php:201:'status' => 'APPROVED_BY_PROCUREMENT',
E:\purchasing system\app\Services\PurchaseQuoteService.php:203:$request->quotes()->where('id', '!=', $quote->id)->update(['status' => 'REJECTED']);
E:\purchasing system\app\Services\PurchaseQuoteService.php:205:$toState = 'APPROVED_BY_PROCUREMENT';
E:\purchasing system\app\Services\PurchaseQuoteService.php:206:$action = 'EXECUTIVE_SELECTED_QUOTE';
E:\purchasing system\app\Services\PurchaseQuoteService.php:215:$action = 'EXECUTIVE_REJECTED_QUOTES';
E:\purchasing system\app\Services\PurchaseQuoteService.php:233:['event_type' => 'purchase_quote.executive_decision', 'from_state' => self::EXECUTIVE_DECISION_PENDING, 'to_state' => $toState, 'actor_user_id' => $executive->id]
E:\purchasing system\app\Services\PurchaseQuoteService.php:237:$notificationService->notifyUsers(
E:\purchasing system\app\Services\PurchaseQuoteService.php:238:$notificationService->resolveUsersWithPermission('purchase_request.approve_procurement'),
E:\purchasing system\app\Services\PurchaseQuoteService.php:239:'purchase_quote_decision_complete',
E:\purchasing system\app\Services\PurchaseQuoteService.php:245:return $request->fresh(['requester.roles', 'department', 'assignedReviewer', 'siteEngineer', 'selectedQuote.supplier', 'quotes.supplier', 'quotes.recommendations.user', 'items.item', 'approvalHistory']);
E:\purchasing system\app\Services\PurchaseReceiptService.php:16:return PurchaseOrder::with(['supplier', 'purchaseRequest.requester', 'purchaseRequest.department', 'purchaseRequest.siteEngineer', 'items.item'])
E:\purchasing system\app\Services\PurchaseReceiptService.php:18:->whereDoesntHave('receipts', fn ($query) => $query->whereIn('status', ['PENDING_SITE_ENGINEER', 'APPROVED']))
E:\purchasing system\app\Services\PurchaseReceiptService.php:25:$purchaseOrder->loadMissing(['purchaseRequest', 'items']);
E:\purchasing system\app\Services\PurchaseReceiptService.php:31:if (! in_array($purchaseOrder->status, ['ISSUED', 'PENDING_ACCOUNTING_REVIEW', 'APPROVED_BY_ACCOUNTING', 'FINAL_APPROVED'], true)) {
E:\purchasing system\app\Services\PurchaseReceiptService.php:34:if (PurchaseReceipt::where('purchase_order_id', $purchaseOrder->id)->whereIn('status', ['PENDING_SITE_ENGINEER', 'APPROVED'])->exists()) {
E:\purchasing system\app\Services\PurchaseReceiptService.php:45:'purchase_order_id' => $purchaseOrder->id,
E:\purchasing system\app\Services\PurchaseReceiptService.php:46:'purchase_request_id' => $purchaseOrder->purchase_request_id,
E:\purchasing system\app\Services\PurchaseReceiptService.php:49:'receipt_number' => 'GRN-' . now()->format('YmdHis') . '-' . $purchaseOrder->id,
E:\purchasing system\app\Services\PurchaseReceiptService.php:57:$orderItemId = (int) ($item['purchase_order_item_id'] ?? 0);
E:\purchasing system\app\Services\PurchaseReceiptService.php:68:'purchase_order_item_id' => $orderItem->id,
E:\purchasing system\app\Services\PurchaseReceiptService.php:75:$purchaseOrder->update(['delivery_status' => 'IN_RECEIPT']);
E:\purchasing system\app\Services\PurchaseReceiptService.php:80:'action' => 'WAREHOUSE_RECEIPT_SUBMITTED',
E:\purchasing system\app\Services\PurchaseReceiptService.php:88:app(NotificationService::class)->createNotification(
E:\purchasing system\app\Services\PurchaseReceiptService.php:90:'purchase_receipt_pending_site_engineer',
E:\purchasing system\app\Services\PurchaseReceiptService.php:97:return $receipt->fresh(['purchaseOrder.supplier', 'purchaseOrder.items.item', 'purchaseRequest', 'warehouseKeeper', 'siteEngineer', 'items.purchaseOrderItem']);
E:\purchasing system\app\Services\PurchaseReceiptService.php:103:$receipt->loadMissing(['items', 'purchaseOrder.items']);
E:\purchasing system\app\Services\PurchaseReceiptService.php:135:'action' => 'SITE_ENGINEER_RECEIPT_UPDATED',
E:\purchasing system\app\Services\PurchaseReceiptService.php:141:return $receipt->fresh(['purchaseOrder.supplier', 'purchaseOrder.items.item', 'purchaseRequest', 'warehouseKeeper', 'siteEngineer', 'items.purchaseOrderItem']);
E:\purchasing system\app\Services\PurchaseReceiptService.php:147:$receipt->loadMissing(['purchaseOrder', 'items']);
E:\purchasing system\app\Services\PurchaseReceiptService.php:169:'action' => 'SITE_ENGINEER_RECEIPT_APPROVED',
E:\purchasing system\app\Services\PurchaseReceiptService.php:176:$accountants = $notificationService->resolveUsersWithPermission('purchase_order.view_accounting');
E:\purchasing system\app\Services\PurchaseReceiptService.php:183:return $receipt->fresh(['purchaseOrder.supplier', 'purchaseOrder.items.item', 'purchaseRequest', 'warehouseKeeper', 'siteEngineer', 'items.purchaseOrderItem']);
E:\purchasing system\app\Services\PurchaseRequestService.php:104:if (!$assignedManager && !empty($data['reviewer_user_id'])) {
E:\purchasing system\app\Services\PurchaseRequestService.php:105:$assignedManager = User::query()->whereKey((int) $data['reviewer_user_id'])->where('is_active', true)->first();
E:\purchasing system\app\Services\PurchaseRequestService.php:131:'reviewer_user_id' => $isExecutiveRequester ? null : $assignedManager?->id,
E:\purchasing system\app\Services\PurchaseRequestService.php:163:return $pr->load(['requester.roles', 'requester:id,name,email,department_id', 'department:id,name,code', 'assignedReviewer:id,name,email,department_id', 'siteEngineer:id,name,email,department_id', 'items.item']);
E:\purchasing system\app\Services\PurchaseRequestService.php:191:$updateFields['reviewer_user_id'] = $isExecutiveRequester ? null : $targetDepartment->manager?->id;
E:\purchasing system\app\Services\PurchaseRequestService.php:225:return $request->fresh(['requester.roles', 'requester:id,name,email,department_id', 'department:id,name,code', 'targetDepartment.manager:id,name,email,department_id', 'targetDepartment.siteEngineer:id,name,email,department_id', 'assignedReviewer:id,name,email,department_id', 'siteEngineer:id,name,email,department_id', 'items.item']);
E:\purchasing system\app\Services\PurchaseRequestService.php:265:throw new \RuntimeException('Only draft purchase requests can be deleted.');
E:\purchasing system\app\Services\PurchaseRequestService.php:279:throw new \RuntimeException('Only draft purchase requests can be submitted.');
E:\purchasing system\app\Services\PurchaseRequestService.php:284:'items' => ['Cannot submit a purchase request with no line items.'],
E:\purchasing system\app\Services\PurchaseRequestService.php:294:$request->loadMissing(['department', 'targetDepartment', 'assignedReviewer', 'siteEngineer']);
E:\purchasing system\app\Services\PurchaseRequestService.php:297:$isDepartmentManagerRequester = $user->hasRole('reviewer');
E:\purchasing system\app\Services\PurchaseRequestService.php:301:? 'PENDING_PROCUREMENT_APPROVAL'
E:\purchasing system\app\Services\PurchaseRequestService.php:302:: ($canSkipReviewer ? 'PENDING_EXECUTIVE_APPROVAL' : 'SUBMITTED');
E:\purchasing system\app\Services\PurchaseRequestService.php:308:'reviewer_user_id' => $isExecutiveRequester ? null : $request->reviewer_user_id,
E:\purchasing system\app\Services\PurchaseRequestService.php:321:'PENDING_PROCUREMENT_APPROVAL' => 'أنشأ المدير التنفيذي طلب شراء وأرسله مباشرة إلى مدير المشتريات.',
E:\purchasing system\app\Services\PurchaseRequestService.php:322:'PENDING_EXECUTIVE_APPROVAL' => 'أرسل مراجع القسم الطلب إلى المدير التنفيذي مباشرة لأن القسم المستهدف هو نفس قسمه.',
E:\purchasing system\app\Services\PurchaseRequestService.php:329:['event_type' => 'purchase_request.submitted', 'from_state' => 'DRAFT', 'to_state' => $nextStatus, 'actor_user_id' => $user->id]
E:\purchasing system\app\Services\PurchaseRequestService.php:336:: $notificationService->resolveUsersWithPermission('purchase_request.review', $request->target_department_id);
E:\purchasing system\app\Services\PurchaseRequestService.php:337:$notificationService->notifyUsers(
E:\purchasing system\app\Services\PurchaseRequestService.php:339:'purchase_request_submitted',
E:\purchasing system\app\Services\PurchaseRequestService.php:344:} elseif ($nextStatus === 'PENDING_EXECUTIVE_APPROVAL') {
E:\purchasing system\app\Services\PurchaseRequestService.php:345:$notificationService->notifyUsers(
E:\purchasing system\app\Services\PurchaseRequestService.php:346:$notificationService->resolveUsersWithPermission('purchase_request.view_gm'),
E:\purchasing system\app\Services\PurchaseRequestService.php:347:'purchase_request_pending_executive_approval',
E:\purchasing system\app\Services\PurchaseRequestService.php:353:$notificationService->notifyUsers(
E:\purchasing system\app\Services\PurchaseRequestService.php:354:$notificationService->resolveUsersWithPermission('purchase_request.view_approved'),
E:\purchasing system\app\Services\PurchaseRequestService.php:355:'purchase_request_pending_procurement',
E:\purchasing system\app\Services\PurchaseRequestService.php:362:return $request->fresh(['requester.roles', 'requester:id,name,email,department_id', 'department:id,name,code', 'targetDepartment.manager:id,name,email,department_id', 'targetDepartment.siteEngineer:id,name,email,department_id', 'assignedReviewer:id,name,email,department_id', 'siteEngineer:id,name,email,department_id', 'items.item']);
E:\purchasing system\app\Services\PurchaseRequestService.php:372:->with(['requester.roles', 'requester:id,name,email,department_id', 'department:id,name,code', 'targetDepartment.manager:id,name,email,department_id', 'targetDepartment.siteEngineer:id,name,email,department_id', 'assignedReviewer:id,name,email,department_id', 'siteEngineer:id,name,email,department_id'])
E:\purchasing system\app\Services\ReviewerPurchaseRequestService.php:55:'assignedReviewer:id,name,email,department_id',
E:\purchasing system\app\Services\ReviewerPurchaseRequestService.php:56:'items:id,purchase_request_id,item_id,item_description,quantity,uom,item_reference,region',
E:\purchasing system\app\Services\ReviewerPurchaseRequestService.php:59:'SUBMITTED', 'UNDER_REVIEW',
E:\purchasing system\app\Services\ReviewerPurchaseRequestService.php:60:'PENDING_PROCUREMENT_APPROVAL', 'PENDING_EXECUTIVE_APPROVAL', 'APPROVED_BY_REVIEWER', 'APPROVED_BY_PROCUREMENT', 'REJECTED',
E:\purchasing system\app\Services\ReviewerPurchaseRequestService.php:70:$scopeQuery->where('reviewer_user_id', $user->id)
E:\purchasing system\app\Services\ReviewerPurchaseRequestService.php:75:$legacyQuery->whereNull('reviewer_user_id')
E:\purchasing system\app\Services\ReviewerPurchaseRequestService.php:127:if ($request->status !== 'SUBMITTED' && $request->status !== 'UNDER_REVIEW') {
E:\purchasing system\app\Services\ReviewerPurchaseRequestService.php:128:throw new \RuntimeException('Only submitted requests can be reviewed.');
E:\purchasing system\app\Services\ReviewerPurchaseRequestService.php:131:if ($request->status === 'UNDER_REVIEW') {
E:\purchasing system\app\Services\ReviewerPurchaseRequestService.php:132:return $request->load(['requester', 'department', 'targetDepartment.manager', 'targetDepartment.siteEngineer', 'assignedReviewer', 'siteEngineer', 'items.item', 'approvalHistory.actor']);
E:\purchasing system\app\Services\ReviewerPurchaseRequestService.php:138:if ($pr->status === 'UNDER_REVIEW') {
E:\purchasing system\app\Services\ReviewerPurchaseRequestService.php:145:$pr->update(['status' => 'UNDER_REVIEW']);
E:\purchasing system\app\Services\ReviewerPurchaseRequestService.php:151:'action' => 'REVIEW_STARTED',
E:\purchasing system\app\Services\ReviewerPurchaseRequestService.php:153:'to_state' => 'UNDER_REVIEW',
E:\purchasing system\app\Services\ReviewerPurchaseRequestService.php:159:'REVIEW_STARTED',
E:\purchasing system\app\Services\ReviewerPurchaseRequestService.php:161:['event_type' => 'purchase_request.review_started', 'from_state' => 'SUBMITTED', 'to_state' => 'UNDER_REVIEW', 'actor_user_id' => $reviewer->id]
E:\purchasing system\app\Services\ReviewerPurchaseRequestService.php:164:return $pr->fresh(['requester', 'department', 'targetDepartment.manager', 'targetDepartment.siteEngineer', 'assignedReviewer', 'siteEngineer', 'items.item', 'approvalHistory.actor']);
E:\purchasing system\app\Services\ReviewerPurchaseRequestService.php:217:return $pr->fresh(['requester', 'department', 'targetDepartment.manager', 'targetDepartment.siteEngineer', 'assignedReviewer', 'siteEngineer', 'items.item', 'approvalHistory.actor']);
E:\purchasing system\app\Services\ReviewerPurchaseRequestService.php:231:throw new \InvalidArgumentException('Item does not belong to this purchase request.');
E:\purchasing system\app\Services\ReviewerPurchaseRequestService.php:284:return $pr->fresh(['requester', 'department', 'targetDepartment.manager', 'targetDepartment.siteEngineer', 'assignedReviewer', 'siteEngineer', 'items.item', 'approvalHistory.actor']);
E:\purchasing system\app\Services\ReviewerPurchaseRequestService.php:337:return $pr->fresh(['requester', 'department', 'targetDepartment.manager', 'targetDepartment.siteEngineer', 'assignedReviewer', 'siteEngineer', 'items.item', 'approvalHistory.actor']);
E:\purchasing system\app\Services\ReviewerPurchaseRequestService.php:351:throw new \InvalidArgumentException('Item does not belong to this purchase request.');
E:\purchasing system\app\Services\ReviewerPurchaseRequestService.php:378:return $pr->fresh(['requester', 'department', 'targetDepartment.manager', 'targetDepartment.siteEngineer', 'assignedReviewer', 'siteEngineer', 'items.item', 'approvalHistory.actor']);
E:\purchasing system\app\Services\ReviewerPurchaseRequestService.php:391:if ($request->status !== 'UNDER_REVIEW' && $request->status !== 'SUBMITTED') {
E:\purchasing system\app\Services\ReviewerPurchaseRequestService.php:392:throw new \RuntimeException('Only pending purchase requests can be approved.');
E:\purchasing system\app\Services\ReviewerPurchaseRequestService.php:397:'items' => ['Cannot approve a purchase request with no line items.'],
E:\purchasing system\app\Services\ReviewerPurchaseRequestService.php:403:if (! in_array($pr->status, ['UNDER_REVIEW', 'SUBMITTED'], true)) {
E:\purchasing system\app\Services\ReviewerPurchaseRequestService.php:409:'status' => 'PENDING_EXECUTIVE_APPROVAL',
E:\purchasing system\app\Services\ReviewerPurchaseRequestService.php:416:'action' => 'APPROVED_BY_REVIEWER',
E:\purchasing system\app\Services\ReviewerPurchaseRequestService.php:418:'to_state' => 'PENDING_EXECUTIVE_APPROVAL',
E:\purchasing system\app\Services\ReviewerPurchaseRequestService.php:424:'APPROVED_BY_REVIEWER',
E:\purchasing system\app\Services\ReviewerPurchaseRequestService.php:426:['event_type' => 'purchase_request.approved_by_reviewer', 'from_state' => $fromState, 'to_state' => 'PENDING_EXECUTIVE_APPROVAL', 'actor_user_id' => $reviewer->id, 'metadata' => ['comment' => $comment]]
E:\purchasing system\app\Services\ReviewerPurchaseRequestService.php:431:$notificationService->createNotification(
E:\purchasing system\app\Services\ReviewerPurchaseRequestService.php:433:'purchase_request_approved',
E:\purchasing system\app\Services\ReviewerPurchaseRequestService.php:440:$executives = $notificationService->resolveUsersWithPermission('purchase_request.approve_gm');
E:\purchasing system\app\Services\ReviewerPurchaseRequestService.php:441:$notificationService->notifyUsers(
E:\purchasing system\app\Services\ReviewerPurchaseRequestService.php:443:'purchase_request_pending_executive',
E:\purchasing system\app\Services\ReviewerPurchaseRequestService.php:449:return $pr->fresh(['requester', 'department', 'assignedReviewer', 'siteEngineer', 'items.item', 'approvalHistory']);
E:\purchasing system\app\Services\ReviewerPurchaseRequestService.php:462:if ($request->status !== 'UNDER_REVIEW' && $request->status !== 'SUBMITTED') {
E:\purchasing system\app\Services\ReviewerPurchaseRequestService.php:463:throw new \RuntimeException('Only pending purchase requests can be rejected.');
E:\purchasing system\app\Services\ReviewerPurchaseRequestService.php:468:if (! in_array($pr->status, ['UNDER_REVIEW', 'SUBMITTED'], true)) {
E:\purchasing system\app\Services\ReviewerPurchaseRequestService.php:490:'REJECTED_BY_REVIEWER',
E:\purchasing system\app\Services\ReviewerPurchaseRequestService.php:492:['event_type' => 'purchase_request.rejected_by_reviewer', 'from_state' => $fromState, 'to_state' => 'REJECTED', 'actor_user_id' => $reviewer->id, 'metadata' => ['comment' => $comment]]
E:\purchasing system\app\Services\ReviewerPurchaseRequestService.php:501:$notificationService->createNotification(
E:\purchasing system\app\Services\ReviewerPurchaseRequestService.php:503:'purchase_request_rejected',
E:\purchasing system\app\Services\ReviewerPurchaseRequestService.php:509:return $pr->fresh(['requester', 'department', 'targetDepartment.manager', 'targetDepartment.siteEngineer', 'assignedReviewer', 'siteEngineer', 'items.item', 'approvalHistory.actor']);
E:\purchasing system\app\Services\SupplierInvoiceService.php:21:'purchaseOrder.supplier',
E:\purchasing system\app\Services\SupplierInvoiceService.php:22:'purchaseOrder.createdBy',
E:\purchasing system\app\Services\SupplierInvoiceService.php:23:'purchaseOrder.accountingReviewer',
E:\purchasing system\app\Services\SupplierInvoiceService.php:24:'purchaseOrder.purchaseRequest.department',
E:\purchasing system\app\Services\SupplierInvoiceService.php:25:'purchaseOrder.purchaseRequest.requester',
E:\purchasing system\app\Services\SupplierInvoiceService.php:26:'purchaseOrder.purchaseRequest.assignedReviewer',
E:\purchasing system\app\Services\SupplierInvoiceService.php:27:'purchaseOrder.purchaseRequest.siteEngineer',
E:\purchasing system\app\Services\SupplierInvoiceService.php:28:'purchaseOrder.purchaseRequest.approvalHistory.actor',
E:\purchasing system\app\Services\SupplierInvoiceService.php:29:'purchaseOrder.items.item',
E:\purchasing system\app\Services\SupplierInvoiceService.php:30:'purchaseOrder.items.prItem',
E:\purchasing system\app\Services\SupplierInvoiceService.php:31:'purchaseOrder.approvalHistory.actor',
E:\purchasing system\app\Services\SupplierInvoiceService.php:34:'items.purchaseOrderItem.item',
E:\purchasing system\app\Services\SupplierInvoiceService.php:35:'items.purchaseOrderItem.prItem',
E:\purchasing system\app\Services\SupplierInvoiceService.php:38:->whereDoesntHave('supplierInvoices', function ($query) {
E:\purchasing system\app\Services\SupplierInvoiceService.php:50:'purchaseOrder',
E:\purchasing system\app\Services\SupplierInvoiceService.php:51:'purchaseReceipt',
E:\purchasing system\app\Services\SupplierInvoiceService.php:56:->orderByDesc('invoice_date')
E:\purchasing system\app\Services\SupplierInvoiceService.php:73:$receipt->loadMissing(['purchaseOrder', 'items.purchaseOrderItem']);
E:\purchasing system\app\Services\SupplierInvoiceService.php:85:if (SupplierInvoice::where('purchase_receipt_id', $receipt->id)->exists()) {
E:\purchasing system\app\Services\SupplierInvoiceService.php:91:throw ValidationException::withMessages(['invoice_number' => ['رقم الفاتورة مطلوب.']]);
E:\purchasing system\app\Services\SupplierInvoiceService.php:93:if (SupplierInvoice::where('invoice_number', $normalizedInvoiceNumber)->exists()) {
E:\purchasing system\app\Services\SupplierInvoiceService.php:94:throw ValidationException::withMessages(['invoice_number' => ['رقم الفاتورة مستخدم من قبل. أدخل رقمًا مختلفًا أو راجع أرشيف فواتير المورد.']]);
E:\purchasing system\app\Services\SupplierInvoiceService.php:107:'purchase_order_id' => $purchaseOrder->id,
E:\purchasing system\app\Services\SupplierInvoiceService.php:108:'purchase_receipt_id' => $receipt->id,
E:\purchasing system\app\Services\SupplierInvoiceService.php:110:'invoice_number' => $normalizedInvoiceNumber,
E:\purchasing system\app\Services\SupplierInvoiceService.php:112:'invoice_date' => $invoiceDate ?: now()->toDateString(),
E:\purchasing system\app\Services\SupplierInvoiceService.php:124:return $invoice->fresh(['supplier', 'purchaseOrder', 'purchaseReceipt', 'landAllocations.parcel']);
E:\purchasing system\app\Services\SupplierInvoiceService.php:131:'purchaseOrder.supplier',
E:\purchasing system\app\Services\SupplierInvoiceService.php:132:'purchaseOrder.items',
E:\purchasing system\app\Services\SupplierInvoiceService.php:133:'purchaseReceipt.items.purchaseOrderItem',
E:\purchasing system\app\Services\SupplierInvoiceService.php:158:'status' => ((float) $invoice->paid_amount > 0 && (float) $invoice->outstanding_amount <= 0) ? 'PAID' : 'OPEN',
E:\purchasing system\app\Services\SupplierInvoiceService.php:169:'purchaseOrder',
E:\purchasing system\app\Services\SupplierInvoiceService.php:170:'purchaseReceipt',
E:\purchasing system\app\Services\SupplierInvoiceService.php:236:->orderBy('invoice_date')
E:\purchasing system\app\Services\SupplierInvoiceService.php:251:'supplier_invoice_id' => $debt->id,
E:\purchasing system\app\Services\SupplierInvoiceService.php:275:'payment' => $payment->fresh(['supplier', 'accountant', 'allocations.invoice.purchaseOrder']),
E:\purchasing system\app\Services\SupplierInvoiceService.php:300:'purchaseOrders' => fn ($query) => $query->orderByDesc('created_at'),
E:\purchasing system\app\Services\SupplierInvoiceService.php:301:'invoices.purchaseOrder',
E:\purchasing system\app\Services\SupplierInvoiceService.php:302:'invoices.purchaseReceipt',
E:\purchasing system\app\Services\SupplierInvoiceService.php:303:'invoices.paymentAllocations.payment',
E:\purchasing system\app\Services\SupplierInvoiceService.php:304:'invoices.landAllocations.parcel',
E:\purchasing system\app\Services\SupplierInvoiceService.php:311:'invoices' => $supplier->invoices->sortByDesc('invoice_date')->values(),
E:\purchasing system\app\Services\SupplierInvoiceService.php:320:['total_invoiced' => 0, 'total_paid' => 0, 'balance' => 0]
E:\purchasing system\app\Services\SupplierInvoiceService.php:324:'total_invoiced' => (float) $balance->total_invoiced,
E:\purchasing system\app\Services\SupplierInvoiceService.php:346:'total_invoiced' => $totalInvoiced,
E:\purchasing system\app\Services\SupplierInvoiceService.php:350:'open_invoices_count' => SupplierInvoice::where('supplier_id', $supplier->id)
E:\purchasing system\app\Services\SupplierInvoiceService.php:353:'invoices_count' => SupplierInvoice::where('supplier_id', $supplier->id)
E:\purchasing system\app\Services\SupplierInvoiceService.php:371:'total_invoiced' => $totalInvoiced,
E:\purchasing system\database\migrations\2026_01_01_000011_create_purchase_requests_table.php:14:Schema::create('purchase_requests', function (Blueprint $table) {
E:\purchasing system\database\migrations\2026_01_01_000011_create_purchase_requests_table.php:45:Schema::dropIfExists('purchase_requests');
E:\purchasing system\database\migrations\2026_01_01_000012_create_purchase_request_items_table.php:14:Schema::create('purchase_request_items', function (Blueprint $table) {
E:\purchasing system\database\migrations\2026_01_01_000012_create_purchase_request_items_table.php:16:$table->foreignId('purchase_request_id')
E:\purchasing system\database\migrations\2026_01_01_000012_create_purchase_request_items_table.php:18:->constrained('purchase_requests')
E:\purchasing system\database\migrations\2026_01_01_000012_create_purchase_request_items_table.php:40:Schema::dropIfExists('purchase_request_items');
E:\purchasing system\database\migrations\2026_01_01_000013_create_purchase_orders_table.php:14:Schema::create('purchase_orders', function (Blueprint $table) {
E:\purchasing system\database\migrations\2026_01_01_000013_create_purchase_orders_table.php:17:$table->foreignId('purchase_request_id')
E:\purchasing system\database\migrations\2026_01_01_000013_create_purchase_orders_table.php:19:->constrained('purchase_requests')
E:\purchasing system\database\migrations\2026_01_01_000013_create_purchase_orders_table.php:38:$table->foreignId('reviewed_by_accounting_user_id')
E:\purchasing system\database\migrations\2026_01_01_000013_create_purchase_orders_table.php:42:$table->timestamp('reviewed_at_accounting')->nullable();
E:\purchasing system\database\migrations\2026_01_01_000013_create_purchase_orders_table.php:57:Schema::dropIfExists('purchase_orders');
E:\purchasing system\database\migrations\2026_01_01_000014_create_purchase_order_items_table.php:14:Schema::create('purchase_order_items', function (Blueprint $table) {
E:\purchasing system\database\migrations\2026_01_01_000014_create_purchase_order_items_table.php:16:$table->foreignId('purchase_order_id')
E:\purchasing system\database\migrations\2026_01_01_000014_create_purchase_order_items_table.php:18:->constrained('purchase_orders')
E:\purchasing system\database\migrations\2026_01_01_000014_create_purchase_order_items_table.php:22:->constrained('purchase_request_items')
E:\purchasing system\database\migrations\2026_01_01_000014_create_purchase_order_items_table.php:45:Schema::dropIfExists('purchase_order_items');
E:\purchasing system\database\migrations\2026_08_14_000001_add_extended_fields_to_purchase_requests.php:11:Schema::table('purchase_requests', function (Blueprint $table) {
E:\purchasing system\database\migrations\2026_08_14_000001_add_extended_fields_to_purchase_requests.php:20:Schema::table('purchase_requests', function (Blueprint $table) {
E:\purchasing system\database\migrations\2026_08_14_000002_add_delivery_tracking_to_purchase_orders.php:11:Schema::table('purchase_orders', function (Blueprint $table) {
E:\purchasing system\database\migrations\2026_08_14_000002_add_delivery_tracking_to_purchase_orders.php:20:Schema::table('purchase_orders', function (Blueprint $table) {
E:\purchasing system\database\migrations\2026_08_14_000003_add_latency_indexes.php:11:Schema::table('purchase_orders', function (Blueprint $table): void {
E:\purchasing system\database\migrations\2026_08_14_000003_add_latency_indexes.php:15:Schema::table('purchase_requests', function (Blueprint $table): void {
E:\purchasing system\database\migrations\2026_08_14_000003_add_latency_indexes.php:26:Schema::table('purchase_orders', function (Blueprint $table): void {
E:\purchasing system\database\migrations\2026_08_14_000003_add_latency_indexes.php:30:Schema::table('purchase_requests', function (Blueprint $table): void {
E:\purchasing system\database\migrations\2026_08_14_000004_add_reviewer_user_id_to_purchase_requests.php:11:Schema::table('purchase_requests', function (Blueprint $table): void {
E:\purchasing system\database\migrations\2026_08_14_000004_add_reviewer_user_id_to_purchase_requests.php:12:$table->foreignId('reviewer_user_id')
E:\purchasing system\database\migrations\2026_08_14_000004_add_reviewer_user_id_to_purchase_requests.php:15:->index('idx_pr_reviewer')
E:\purchasing system\database\migrations\2026_08_14_000004_add_reviewer_user_id_to_purchase_requests.php:23:Schema::table('purchase_requests', function (Blueprint $table): void {
E:\purchasing system\database\migrations\2026_08_14_000004_add_reviewer_user_id_to_purchase_requests.php:24:$table->dropForeign(['reviewer_user_id']);
E:\purchasing system\database\migrations\2026_08_14_000004_add_reviewer_user_id_to_purchase_requests.php:25:$table->dropIndex('idx_pr_reviewer');
E:\purchasing system\database\migrations\2026_08_14_000004_add_reviewer_user_id_to_purchase_requests.php:26:$table->dropColumn('reviewer_user_id');
E:\purchasing system\database\migrations\2026_08_14_000005_add_reference_fields_to_purchase_items.php:11:Schema::table('purchase_request_items', function (Blueprint $table) {
E:\purchasing system\database\migrations\2026_08_14_000005_add_reference_fields_to_purchase_items.php:16:Schema::table('purchase_order_items', function (Blueprint $table) {
E:\purchasing system\database\migrations\2026_08_14_000005_add_reference_fields_to_purchase_items.php:24:Schema::table('purchase_order_items', function (Blueprint $table) {
E:\purchasing system\database\migrations\2026_08_14_000005_add_reference_fields_to_purchase_items.php:28:Schema::table('purchase_request_items', function (Blueprint $table) {
E:\purchasing system\database\migrations\2026_08_14_000006_add_additional_performance_indexes.php:13:Schema::table('purchase_requests', function (Blueprint $table): void {
E:\purchasing system\database\migrations\2026_08_14_000006_add_additional_performance_indexes.php:18:$table->index(['reviewer_user_id', 'status', 'updated_at'], 'idx_pr_reviewer_status_updated');
E:\purchasing system\database\migrations\2026_08_14_000006_add_additional_performance_indexes.php:27:Schema::table('purchase_requests', function (Blueprint $table): void {
E:\purchasing system\database\migrations\2026_08_14_000006_add_additional_performance_indexes.php:29:$table->dropIndex('idx_pr_reviewer_status_updated');
E:\purchasing system\database\migrations\2026_08_14_000007_remove_title_and_project_from_purchase_requests.php:13:Schema::table('purchase_requests', function (Blueprint $table): void {
E:\purchasing system\database\migrations\2026_08_14_000007_remove_title_and_project_from_purchase_requests.php:20:Schema::table('purchase_requests', function (Blueprint $table): void {
E:\purchasing system\database\migrations\2026_08_16_000001_add_phase2_performance_indexes.php:14:Schema::table('purchase_orders', function (Blueprint $table) {
E:\purchasing system\database\migrations\2026_08_16_000001_add_phase2_performance_indexes.php:27:Schema::table('purchase_requests', function (Blueprint $table) {
E:\purchasing system\database\migrations\2026_08_16_000001_add_phase2_performance_indexes.php:37:Schema::table('purchase_orders', function (Blueprint $table) {
E:\purchasing system\database\migrations\2026_08_16_000001_add_phase2_performance_indexes.php:50:Schema::table('purchase_requests', function (Blueprint $table) {
E:\purchasing system\database\migrations\2026_08_16_000002_add_phase3_query_indexes.php:11:Schema::table('purchase_requests', function (Blueprint $table): void {
E:\purchasing system\database\migrations\2026_08_16_000002_add_phase3_query_indexes.php:12:$table->index(['reviewer_user_id', 'status', 'updated_at'], 'idx_pr_reviewer_status_updated_p3');
E:\purchasing system\database\migrations\2026_08_16_000002_add_phase3_query_indexes.php:22:Schema::table('purchase_requests', function (Blueprint $table): void {
E:\purchasing system\database\migrations\2026_08_16_000002_add_phase3_query_indexes.php:23:$table->dropIndex('idx_pr_reviewer_status_updated_p3');
E:\purchasing system\database\migrations\2026_08_17_000002_enforce_reference_fields_not_null.php:15:foreach (['purchase_request_items', 'purchase_order_items'] as $table) {
E:\purchasing system\database\migrations\2026_08_17_000002_enforce_reference_fields_not_null.php:33:Schema::table('purchase_request_items', function (Blueprint $table) {
E:\purchasing system\database\migrations\2026_08_17_000002_enforce_reference_fields_not_null.php:38:Schema::table('purchase_order_items', function (Blueprint $table) {
E:\purchasing system\database\migrations\2026_08_17_000002_enforce_reference_fields_not_null.php:46:Schema::table('purchase_order_items', function (Blueprint $table) {
E:\purchasing system\database\migrations\2026_08_17_000002_enforce_reference_fields_not_null.php:51:Schema::table('purchase_request_items', function (Blueprint $table) {
E:\purchasing system\database\migrations\2026_08_18_000001_add_site_engineer_user_id_to_purchase_requests.php:12:Schema::table('purchase_requests', function (Blueprint $table): void {
E:\purchasing system\database\migrations\2026_08_18_000001_add_site_engineer_user_id_to_purchase_requests.php:15:->after('reviewer_user_id')
E:\purchasing system\database\migrations\2026_08_18_000001_add_site_engineer_user_id_to_purchase_requests.php:24:'UPDATE purchase_requests SET site_engineer_user_id = reviewer_user_id WHERE site_engineer_user_id IS NULL AND reviewer_user_id IS NOT NULL'
E:\purchasing system\database\migrations\2026_08_18_000001_add_site_engineer_user_id_to_purchase_requests.php:30:Schema::table('purchase_requests', function (Blueprint $table): void {
E:\purchasing system\database\migrations\2026_08_18_000002_create_purchase_request_quotes.php:11:Schema::create('purchase_request_quotes', function (Blueprint $table): void {
E:\purchasing system\database\migrations\2026_08_18_000002_create_purchase_request_quotes.php:13:$table->foreignId('purchase_request_id')->constrained('purchase_requests')->cascadeOnDelete();
E:\purchasing system\database\migrations\2026_08_18_000002_create_purchase_request_quotes.php:23:$table->unique(['purchase_request_id', 'supplier_id'], 'uq_pr_quote_supplier');
E:\purchasing system\database\migrations\2026_08_18_000002_create_purchase_request_quotes.php:24:$table->index(['purchase_request_id', 'status'], 'idx_pr_quotes_status');
E:\purchasing system\database\migrations\2026_08_18_000002_create_purchase_request_quotes.php:27:Schema::create('purchase_request_quote_recommendations', function (Blueprint $table): void {
E:\purchasing system\database\migrations\2026_08_18_000002_create_purchase_request_quotes.php:29:$table->foreignId('purchase_request_quote_id')->constrained('purchase_request_quotes')->cascadeOnDelete();
E:\purchasing system\database\migrations\2026_08_18_000002_create_purchase_request_quotes.php:36:$table->unique(['purchase_request_quote_id', 'user_id', 'role_type'], 'uq_quote_recommendation_actor');
E:\purchasing system\database\migrations\2026_08_18_000002_create_purchase_request_quotes.php:39:Schema::table('purchase_requests', function (Blueprint $table): void {
E:\purchasing system\database\migrations\2026_08_18_000002_create_purchase_request_quotes.php:40:$table->foreignId('selected_quote_id')
E:\purchasing system\database\migrations\2026_08_18_000002_create_purchase_request_quotes.php:43:->constrained('purchase_request_quotes')
E:\purchasing system\database\migrations\2026_08_18_000002_create_purchase_request_quotes.php:50:Schema::table('purchase_requests', function (Blueprint $table): void {
E:\purchasing system\database\migrations\2026_08_18_000002_create_purchase_request_quotes.php:51:$table->dropForeign(['selected_quote_id']);
E:\purchasing system\database\migrations\2026_08_18_000002_create_purchase_request_quotes.php:52:$table->dropColumn('selected_quote_id');
E:\purchasing system\database\migrations\2026_08_18_000002_create_purchase_request_quotes.php:55:Schema::dropIfExists('purchase_request_quote_recommendations');
E:\purchasing system\database\migrations\2026_08_18_000002_create_purchase_request_quotes.php:56:Schema::dropIfExists('purchase_request_quotes');
E:\purchasing system\database\migrations\2026_08_18_000003_create_purchase_receipts.php:11:Schema::create('purchase_receipts', function (Blueprint $table) {
E:\purchasing system\database\migrations\2026_08_18_000003_create_purchase_receipts.php:13:$table->foreignId('purchase_order_id')->constrained('purchase_orders')->cascadeOnDelete();
E:\purchasing system\database\migrations\2026_08_18_000003_create_purchase_receipts.php:14:$table->foreignId('purchase_request_id')->nullable()->constrained('purchase_requests')->nullOnDelete();
E:\purchasing system\database\migrations\2026_08_18_000003_create_purchase_receipts.php:17:$table->string('receipt_number')->unique();
E:\purchasing system\database\migrations\2026_08_18_000003_create_purchase_receipts.php:27:$table->index(['purchase_order_id', 'status']);
E:\purchasing system\database\migrations\2026_08_18_000003_create_purchase_receipts.php:30:Schema::create('purchase_receipt_items', function (Blueprint $table) {
E:\purchasing system\database\migrations\2026_08_18_000003_create_purchase_receipts.php:32:$table->foreignId('purchase_receipt_id')->constrained('purchase_receipts')->cascadeOnDelete();
E:\purchasing system\database\migrations\2026_08_18_000003_create_purchase_receipts.php:33:$table->foreignId('purchase_order_item_id')->constrained('purchase_order_items')->cascadeOnDelete();
E:\purchasing system\database\migrations\2026_08_18_000003_create_purchase_receipts.php:38:$table->unique(['purchase_receipt_id', 'purchase_order_item_id']);
E:\purchasing system\database\migrations\2026_08_18_000003_create_purchase_receipts.php:44:Schema::dropIfExists('purchase_receipt_items');
E:\purchasing system\database\migrations\2026_08_18_000003_create_purchase_receipts.php:45:Schema::dropIfExists('purchase_receipts');
E:\purchasing system\database\migrations\2026_08_18_000004_create_supplier_financial_accounts.php:14:$table->decimal('total_invoiced', 15, 2)->default(0);
E:\purchasing system\database\migrations\2026_08_18_000004_create_supplier_financial_accounts.php:21:Schema::create('supplier_invoices', function (Blueprint $table) {
E:\purchasing system\database\migrations\2026_08_18_000004_create_supplier_financial_accounts.php:24:$table->foreignId('purchase_order_id')->constrained('purchase_orders')->restrictOnDelete();
E:\purchasing system\database\migrations\2026_08_18_000004_create_supplier_financial_accounts.php:25:$table->foreignId('purchase_receipt_id')->constrained('purchase_receipts')->restrictOnDelete();
E:\purchasing system\database\migrations\2026_08_18_000004_create_supplier_financial_accounts.php:27:$table->string('invoice_number', 100)->unique();
E:\purchasing system\database\migrations\2026_08_18_000004_create_supplier_financial_accounts.php:29:$table->date('invoice_date');
E:\purchasing system\database\migrations\2026_08_18_000004_create_supplier_financial_accounts.php:41:$table->index(['purchase_order_id', 'purchase_receipt_id']);
E:\purchasing system\database\migrations\2026_08_18_000004_create_supplier_financial_accounts.php:63:$table->foreignId('supplier_invoice_id')->constrained('supplier_invoices')->restrictOnDelete();
E:\purchasing system\database\migrations\2026_08_18_000004_create_supplier_financial_accounts.php:66:$table->unique(['supplier_payment_id', 'supplier_invoice_id']);
E:\purchasing system\database\migrations\2026_08_18_000004_create_supplier_financial_accounts.php:67:$table->index('supplier_invoice_id');
E:\purchasing system\database\migrations\2026_08_18_000004_create_supplier_financial_accounts.php:75:Schema::dropIfExists('supplier_invoices');
E:\purchasing system\database\migrations\2026_08_18_000005_add_purchase_order_query_indexes.php:13:Schema::table('purchase_orders', function (Blueprint $table): void {
E:\purchasing system\database\migrations\2026_08_18_000005_add_purchase_order_query_indexes.php:16:$table->index(['purchase_request_id', 'updated_at'], 'idx_po_pr_updated');
E:\purchasing system\database\migrations\2026_08_18_000005_add_purchase_order_query_indexes.php:22:Schema::table('purchase_orders', function (Blueprint $table): void {
E:\purchasing system\database\migrations\2026_08_18_000006_add_supplier_invoice_query_indexes.php:13:Schema::table('supplier_invoices', function (Blueprint $table): void {
E:\purchasing system\database\migrations\2026_08_18_000006_add_supplier_invoice_query_indexes.php:15:['supplier_id', 'matching_status', 'outstanding_amount', 'invoice_date', 'id'],
E:\purchasing system\database\migrations\2026_08_18_000006_add_supplier_invoice_query_indexes.php:16:'idx_invoice_supplier_debt_age'
E:\purchasing system\database\migrations\2026_08_18_000006_add_supplier_invoice_query_indexes.php:23:Schema::table('supplier_invoices', function (Blueprint $table): void {
E:\purchasing system\database\migrations\2026_08_18_000006_add_supplier_invoice_query_indexes.php:24:$table->dropIndex('idx_invoice_supplier_debt_age');
E:\purchasing system\database\migrations\2026_08_19_000020_add_quote_source_to_purchase_orders.php:12:Schema::table('purchase_request_quotes', function (Blueprint $table): void {
E:\purchasing system\database\migrations\2026_08_19_000020_add_quote_source_to_purchase_orders.php:16:DB::table('purchase_request_quotes as quotes')
E:\purchasing system\database\migrations\2026_08_19_000020_add_quote_source_to_purchase_orders.php:18:DB::table('purchase_request_items')
E:\purchasing system\database\migrations\2026_08_19_000020_add_quote_source_to_purchase_orders.php:19:->select('purchase_request_id', DB::raw('SUM(quantity) as total_quantity'))
E:\purchasing system\database\migrations\2026_08_19_000020_add_quote_source_to_purchase_orders.php:20:->groupBy('purchase_request_id'),
E:\purchasing system\database\migrations\2026_08_19_000020_add_quote_source_to_purchase_orders.php:22:'quantities.purchase_request_id',
E:\purchasing system\database\migrations\2026_08_19_000020_add_quote_source_to_purchase_orders.php:24:'quotes.purchase_request_id'
E:\purchasing system\database\migrations\2026_08_19_000020_add_quote_source_to_purchase_orders.php:26:->select('quotes.id', 'quotes.total_amount', 'quantities.total_quantity')
E:\purchasing system\database\migrations\2026_08_19_000020_add_quote_source_to_purchase_orders.php:27:->orderBy('quotes.id')
E:\purchasing system\database\migrations\2026_08_19_000020_add_quote_source_to_purchase_orders.php:31:DB::table('purchase_request_quotes')
E:\purchasing system\database\migrations\2026_08_19_000020_add_quote_source_to_purchase_orders.php:36:Schema::table('purchase_orders', function (Blueprint $table): void {
E:\purchasing system\database\migrations\2026_08_19_000020_add_quote_source_to_purchase_orders.php:37:$table->foreignId('selected_quote_id')
E:\purchasing system\database\migrations\2026_08_19_000020_add_quote_source_to_purchase_orders.php:39:->after('purchase_request_id')
E:\purchasing system\database\migrations\2026_08_19_000020_add_quote_source_to_purchase_orders.php:40:->constrained('purchase_request_quotes')
E:\purchasing system\database\migrations\2026_08_19_000020_add_quote_source_to_purchase_orders.php:47:Schema::table('purchase_orders', function (Blueprint $table): void {
E:\purchasing system\database\migrations\2026_08_19_000020_add_quote_source_to_purchase_orders.php:48:$table->dropForeign(['selected_quote_id']);
E:\purchasing system\database\migrations\2026_08_19_000020_add_quote_source_to_purchase_orders.php:49:$table->dropColumn('selected_quote_id');
E:\purchasing system\database\migrations\2026_08_19_000020_add_quote_source_to_purchase_orders.php:52:Schema::table('purchase_request_quotes', function (Blueprint $table): void {
E:\purchasing system\database\migrations\2026_08_19_120000_add_document_ids_to_notifications_table.php:12:$table->unsignedBigInteger('purchase_order_id')->nullable()->after('notifiable_id');
E:\purchasing system\database\migrations\2026_08_19_120000_add_document_ids_to_notifications_table.php:13:$table->unsignedBigInteger('purchase_receipt_id')->nullable()->after('purchase_order_id');
E:\purchasing system\database\migrations\2026_08_19_120000_add_document_ids_to_notifications_table.php:14:$table->index('purchase_order_id', 'idx_notif_purchase_order');
E:\purchasing system\database\migrations\2026_08_19_120000_add_document_ids_to_notifications_table.php:15:$table->index('purchase_receipt_id', 'idx_notif_purchase_receipt');
E:\purchasing system\database\migrations\2026_08_19_120000_add_document_ids_to_notifications_table.php:22:$table->dropIndex('idx_notif_purchase_order');
E:\purchasing system\database\migrations\2026_08_19_120000_add_document_ids_to_notifications_table.php:23:$table->dropIndex('idx_notif_purchase_receipt');
E:\purchasing system\database\migrations\2026_08_19_120000_add_document_ids_to_notifications_table.php:24:$table->dropColumn(['purchase_order_id', 'purchase_receipt_id']);
E:\purchasing system\database\migrations\2026_08_20_000001_add_procurement_route_to_purchase_requests.php:12:Schema::table('purchase_requests', function (Blueprint $table): void {
E:\purchasing system\database\migrations\2026_08_20_000001_add_procurement_route_to_purchase_requests.php:13:$table->string('procurement_route', 20)
E:\purchasing system\database\migrations\2026_08_20_000001_add_procurement_route_to_purchase_requests.php:16:->index('idx_pr_procurement_route');
E:\purchasing system\database\migrations\2026_08_20_000001_add_procurement_route_to_purchase_requests.php:19:->after('procurement_route')
E:\purchasing system\database\migrations\2026_08_20_000001_add_procurement_route_to_purchase_requests.php:27:DB::table('purchase_requests')
E:\purchasing system\database\migrations\2026_08_20_000001_add_procurement_route_to_purchase_requests.php:28:->whereIn('status', ['PENDING_ACCOUNTING_APPROVAL', 'APPROVED_BY_ACCOUNTING'])
E:\purchasing system\database\migrations\2026_08_20_000001_add_procurement_route_to_purchase_requests.php:29:->update(['procurement_route' => 'DIRECT']);
E:\purchasing system\database\migrations\2026_08_20_000001_add_procurement_route_to_purchase_requests.php:34:Schema::table('purchase_requests', function (Blueprint $table): void {
E:\purchasing system\database\migrations\2026_08_20_000001_add_procurement_route_to_purchase_requests.php:35:$table->dropIndex('idx_pr_procurement_route');
E:\purchasing system\database\migrations\2026_08_20_000001_add_procurement_route_to_purchase_requests.php:38:$table->dropColumn(['procurement_route', 'direct_supplier_id']);
E:\purchasing system\database\migrations\2026_08_20_000003_add_target_department_id_to_purchase_requests.php:12:Schema::table('purchase_requests', function (Blueprint $table) {
E:\purchasing system\database\migrations\2026_08_20_000003_add_target_department_id_to_purchase_requests.php:20:DB::statement('UPDATE purchase_requests SET target_department_id = department_id WHERE target_department_id IS NULL');
E:\purchasing system\database\migrations\2026_08_20_000003_add_target_department_id_to_purchase_requests.php:25:Schema::table('purchase_requests', function (Blueprint $table) {
E:\purchasing system\database\migrations\2026_08_21_000003_create_supplier_invoice_land_allocations_table.php:11:Schema::create('supplier_invoice_land_allocations', function (Blueprint $table) {
E:\purchasing system\database\migrations\2026_08_21_000003_create_supplier_invoice_land_allocations_table.php:13:$table->foreignId('supplier_invoice_id')->constrained('supplier_invoices')->cascadeOnDelete();
E:\purchasing system\database\migrations\2026_08_21_000003_create_supplier_invoice_land_allocations_table.php:19:$table->unique(['supplier_invoice_id', 'land_parcel_id']);
E:\purchasing system\database\migrations\2026_08_21_000003_create_supplier_invoice_land_allocations_table.php:26:Schema::dropIfExists('supplier_invoice_land_allocations');
E:\purchasing system\database\seeders\BackfillSystemEventsSeeder.php:34:'metadata' => ['source' => 'backfill', 'source_table' => 'purchase_requests'],
E:\purchasing system\database\seeders\BackfillSystemEventsSeeder.php:50:'metadata' => ['source' => 'backfill', 'source_table' => 'purchase_orders'],
E:\purchasing system\database\seeders\CleanupDemoDataSeeder.php:56:'reviewer.demo@ashbiliya.local',
E:\purchasing system\database\seeders\CleanupDemoDataSeeder.php:57:'reviewer.demo@ashbiliya.com',
E:\purchasing system\database\seeders\CleanupDemoDataSeeder.php:58:'reviewer@ashbiliya.com',
E:\purchasing system\database\seeders\CleanupDemoDataSeeder.php:62:'procurement.demo@ashbiliya.local',
E:\purchasing system\database\seeders\CleanupDemoDataSeeder.php:63:'procurement.demo@ashbiliya.com',
E:\purchasing system\database\seeders\CleanupDemoDataSeeder.php:64:'procurement@ashbiliya.com',
E:\purchasing system\database\seeders\ClearPurchaseCycleDemoDataSeeder.php:25:$this->deleteTable($counts, 'purchase_receipt_items');
E:\purchasing system\database\seeders\ClearPurchaseCycleDemoDataSeeder.php:27:$this->deleteTable($counts, 'supplier_invoices');
E:\purchasing system\database\seeders\ClearPurchaseCycleDemoDataSeeder.php:28:$this->deleteTable($counts, 'purchase_receipts');
E:\purchasing system\database\seeders\ClearPurchaseCycleDemoDataSeeder.php:31:$this->deleteTable($counts, 'purchase_request_quote_recommendations');
E:\purchasing system\database\seeders\ClearPurchaseCycleDemoDataSeeder.php:32:$this->deleteTable($counts, 'purchase_request_quotes');
E:\purchasing system\database\seeders\ClearPurchaseCycleDemoDataSeeder.php:42:$this->deleteTable($counts, 'purchase_order_items');
E:\purchasing system\database\seeders\ClearPurchaseCycleDemoDataSeeder.php:43:$this->deleteTable($counts, 'purchase_orders');
E:\purchasing system\database\seeders\ClearPurchaseCycleDemoDataSeeder.php:46:$this->deleteTable($counts, 'purchase_request_items');
E:\purchasing system\database\seeders\ClearPurchaseCycleDemoDataSeeder.php:47:$this->deleteTable($counts, 'purchase_requests');
E:\purchasing system\database\seeders\ClearPurchaseCycleDemoDataSeeder.php:53:'total_invoiced' => 0,
E:\purchasing system\database\seeders\DemoUserSeeder.php:49:'reviewer' => Role::where('slug', 'reviewer')->firstOrFail(),
E:\purchasing system\database\seeders\DemoUserSeeder.php:50:'procurement_manager' => Role::where('slug', 'procurement_manager')->firstOrFail(),
E:\purchasing system\database\seeders\DemoUserSeeder.php:65:['email' => 'development.manager@ashbiliya.local', 'name' => 'المهندس سعود', 'role' => 'reviewer', 'department_id' => $developmentDept->id],
E:\purchasing system\database\seeders\DemoUserSeeder.php:66:['email' => 'execution.manager@ashbiliya.local', 'name' => 'م. كمال سعيد', 'role' => 'reviewer', 'department_id' => $executionDept->id],
E:\purchasing system\database\seeders\DemoUserSeeder.php:67:['email' => 'mostafa@gmail.com', 'name' => 'مصطفى', 'role' => 'reviewer', 'department_id' => $licensesDept->id],
E:\purchasing system\database\seeders\DemoUserSeeder.php:68:['email' => 'sales.manager@ashbiliya.local', 'name' => 'المهندس عمرو', 'role' => 'reviewer', 'department_id' => $salesDept->id],
E:\purchasing system\database\seeders\DemoUserSeeder.php:71:['email' => 'ahmed@gmail.com', 'name' => 'المهندس أحمد بدوي', 'role' => 'procurement_manager', 'department_id' => $opsDept->id],
E:\purchasing system\database\seeders\RestoreDemoAccountsSeeder.php:34:foreach (['employee', 'reviewer', 'procurement_manager', 'accountant', 'general_manager', 'admin', 'warehouse_keeper', 'site_engineer'] as $slug) {
E:\purchasing system\database\seeders\RestoreDemoAccountsSeeder.php:42:['development.manager@ashbiliya.local', 'المهندس سعود', 'reviewer', 'DEVELOPMENT'],
E:\purchasing system\database\seeders\RestoreDemoAccountsSeeder.php:43:['execution.manager@ashbiliya.local', 'م. كمال سعيد', 'reviewer', 'EXECUTION'],
E:\purchasing system\database\seeders\RestoreDemoAccountsSeeder.php:44:['mostafa@gmail.com', 'مصطفى', 'reviewer', 'LICENSES'],
E:\purchasing system\database\seeders\RestoreDemoAccountsSeeder.php:45:['sales.manager@ashbiliya.local', 'المهندس عمرو', 'reviewer', 'SALES'],
E:\purchasing system\database\seeders\RestoreDemoAccountsSeeder.php:46:['ahmed@gmail.com', 'المهندس أحمد بدوي', 'procurement_manager', 'OPS'],
E:\purchasing system\database\seeders\RolePermissionSeeder.php:18:'purchase_request.create' => 'Create new purchase request',
E:\purchasing system\database\seeders\RolePermissionSeeder.php:19:'purchase_request.view_own' => 'View own submitted purchase requests',
E:\purchasing system\database\seeders\RolePermissionSeeder.php:20:'purchase_request.edit_own' => 'Edit own draft purchase requests',
E:\purchasing system\database\seeders\RolePermissionSeeder.php:21:'purchase_request.submit' => 'Submit purchase request for review',
E:\purchasing system\database\seeders\RolePermissionSeeder.php:24:'purchase_request.view_assigned' => 'View departmentally assigned purchase requests',
E:\purchasing system\database\seeders\RolePermissionSeeder.php:25:'purchase_request.review' => 'Review pending purchase requests',
E:\purchasing system\database\seeders\RolePermissionSeeder.php:26:'purchase_request.edit_during_review' => 'Directly modify purchase requests during review',
E:\purchasing system\database\seeders\RolePermissionSeeder.php:27:'purchase_request.approve' => 'Approve purchase request',
E:\purchasing system\database\seeders\RolePermissionSeeder.php:28:'purchase_request.reject' => 'Reject purchase request',
E:\purchasing system\database\seeders\RolePermissionSeeder.php:31:'purchase_receipt.view_assigned' => 'View assigned purchase receipt tasks',
E:\purchasing system\database\seeders\RolePermissionSeeder.php:32:'purchase_receipt.edit' => 'Register received quantities after warehouse receipt',
E:\purchasing system\database\seeders\RolePermissionSeeder.php:33:'purchase_receipt.approve' => 'Approve assigned purchase receipts',
E:\purchasing system\database\seeders\RolePermissionSeeder.php:36:'purchase_quote.create' => 'Create three supplier quotes for a purchase request',
E:\purchasing system\database\seeders\RolePermissionSeeder.php:37:'purchase_quote.view' => 'View submitted supplier quotes',
E:\purchasing system\database\seeders\RolePermissionSeeder.php:38:'purchase_quote.recommend' => 'Recommend a supplier quote',
E:\purchasing system\database\seeders\RolePermissionSeeder.php:39:'purchase_quote.decide' => 'Select or reject the final supplier quote',
E:\purchasing system\database\seeders\RolePermissionSeeder.php:42:'purchase_request.view_approved' => 'View purchase requests pending procurement approval',
E:\purchasing system\database\seeders\RolePermissionSeeder.php:43:'purchase_request.approve_procurement' => 'Approve purchase request at procurement level',
E:\purchasing system\database\seeders\RolePermissionSeeder.php:44:'purchase_order.view' => 'View purchase orders',
E:\purchasing system\database\seeders\RolePermissionSeeder.php:45:'purchase_order.create' => 'Create commercial purchase orders',
E:\purchasing system\database\seeders\RolePermissionSeeder.php:46:'purchase_order.edit' => 'Edit purchase orders when allowed',
E:\purchasing system\database\seeders\RolePermissionSeeder.php:52:'purchase_order.view_accounting' => 'View issued purchase orders as Accountant',
E:\purchasing system\database\seeders\RolePermissionSeeder.php:53:'accounting.invoice.view' => 'View approved receipts and supplier invoices',
E:\purchasing system\database\seeders\RolePermissionSeeder.php:54:'accounting.invoice.create' => 'Register supplier invoices',
E:\purchasing system\database\seeders\RolePermissionSeeder.php:55:'accounting.invoice.match' => 'Match purchase order, receipt, and invoice',
E:\purchasing system\database\seeders\RolePermissionSeeder.php:56:'accounting.payment.create' => 'Register supplier payments',
E:\purchasing system\database\seeders\RolePermissionSeeder.php:58:'purchase_request.accounting_view' => 'View purchase requests pending direct accounting approval',
E:\purchasing system\database\seeders\RolePermissionSeeder.php:59:'purchase_request.accounting_approve' => 'Approve purchase requests directly from accounting',
E:\purchasing system\database\seeders\RolePermissionSeeder.php:60:'purchase_request.accounting_reject' => 'Reject purchase requests directly from accounting',
E:\purchasing system\database\seeders\RolePermissionSeeder.php:63:'purchase_request.view_gm' => 'View purchase requests pending executive decision',
E:\purchasing system\database\seeders\RolePermissionSeeder.php:64:'purchase_request.edit_gm' => 'Edit purchase requests during executive review',
E:\purchasing system\database\seeders\RolePermissionSeeder.php:65:'purchase_request.approve_gm' => 'Approve purchase requests at executive level',
E:\purchasing system\database\seeders\RolePermissionSeeder.php:66:'purchase_request.reject_gm' => 'Reject purchase requests at executive level',
E:\purchasing system\database\seeders\RolePermissionSeeder.php:69:'purchase_order.view_gm' => 'View issued purchase orders as General Manager',
E:\purchasing system\database\seeders\RolePermissionSeeder.php:92:'purchase_order.review_financial',
E:\purchasing system\database\seeders\RolePermissionSeeder.php:93:'purchase_order.approve_accounting',
E:\purchasing system\database\seeders\RolePermissionSeeder.php:94:'purchase_order.return_to_procurement',
E:\purchasing system\database\seeders\RolePermissionSeeder.php:102:'purchase_request.create',
E:\purchasing system\database\seeders\RolePermissionSeeder.php:103:'purchase_request.view_own',
E:\purchasing system\database\seeders\RolePermissionSeeder.php:104:'purchase_request.edit_own',
E:\purchasing system\database\seeders\RolePermissionSeeder.php:105:'purchase_request.submit',
E:\purchasing system\database\seeders\RolePermissionSeeder.php:108:'reviewer' => [
E:\purchasing system\database\seeders\RolePermissionSeeder.php:109:'name' => 'Reviewer',
E:\purchasing system\database\seeders\RolePermissionSeeder.php:110:'description' => 'Departmental reviewer with direct modification capability',
E:\purchasing system\database\seeders\RolePermissionSeeder.php:112:'purchase_request.view_assigned',
E:\purchasing system\database\seeders\RolePermissionSeeder.php:113:'purchase_request.review',
E:\purchasing system\database\seeders\RolePermissionSeeder.php:114:'purchase_request.edit_during_review',
E:\purchasing system\database\seeders\RolePermissionSeeder.php:115:'purchase_quote.view',
E:\purchasing system\database\seeders\RolePermissionSeeder.php:116:'purchase_quote.recommend',
E:\purchasing system\database\seeders\RolePermissionSeeder.php:117:'purchase_request.approve',
E:\purchasing system\database\seeders\RolePermissionSeeder.php:118:'purchase_request.reject',
E:\purchasing system\database\seeders\RolePermissionSeeder.php:123:'description' => 'Site engineer responsible for reviewing and approving purchase receipts',
E:\purchasing system\database\seeders\RolePermissionSeeder.php:125:'purchase_receipt.view_assigned',
E:\purchasing system\database\seeders\RolePermissionSeeder.php:126:'purchase_receipt.edit',
E:\purchasing system\database\seeders\RolePermissionSeeder.php:127:'purchase_receipt.approve',
E:\purchasing system\database\seeders\RolePermissionSeeder.php:134:'purchase_receipt.view_assigned',
E:\purchasing system\database\seeders\RolePermissionSeeder.php:135:'purchase_receipt.edit',
E:\purchasing system\database\seeders\RolePermissionSeeder.php:138:'procurement_manager' => [
E:\purchasing system\database\seeders\RolePermissionSeeder.php:139:'name' => 'Procurement Manager',
E:\purchasing system\database\seeders\RolePermissionSeeder.php:140:'description' => 'Procurement officer responsible for commercial purchase orders',
E:\purchasing system\database\seeders\RolePermissionSeeder.php:142:'purchase_request.view_approved',
E:\purchasing system\database\seeders\RolePermissionSeeder.php:143:'purchase_request.approve_procurement',
E:\purchasing system\database\seeders\RolePermissionSeeder.php:144:'purchase_quote.create',
E:\purchasing system\database\seeders\RolePermissionSeeder.php:145:'purchase_quote.view',
E:\purchasing system\database\seeders\RolePermissionSeeder.php:146:'purchase_quote.recommend',
E:\purchasing system\database\seeders\RolePermissionSeeder.php:147:'purchase_order.view',
E:\purchasing system\database\seeders\RolePermissionSeeder.php:148:'purchase_order.create',
E:\purchasing system\database\seeders\RolePermissionSeeder.php:149:'purchase_order.edit',
E:\purchasing system\database\seeders\RolePermissionSeeder.php:157:'description' => 'Accountant responsible for supplier invoices, three-way matching, payments, and supplier accounts',
E:\purchasing system\database\seeders\RolePermissionSeeder.php:159:'purchase_order.view',
E:\purchasing system\database\seeders\RolePermissionSeeder.php:160:'purchase_quote.view',
E:\purchasing system\database\seeders\RolePermissionSeeder.php:161:'purchase_quote.recommend',
E:\purchasing system\database\seeders\RolePermissionSeeder.php:162:'purchase_order.view_accounting',
E:\purchasing system\database\seeders\RolePermissionSeeder.php:163:'accounting.invoice.view',
E:\purchasing system\database\seeders\RolePermissionSeeder.php:164:'accounting.invoice.create',
E:\purchasing system\database\seeders\RolePermissionSeeder.php:165:'accounting.invoice.match',
E:\purchasing system\database\seeders\RolePermissionSeeder.php:166:'accounting.payment.create',
E:\purchasing system\database\seeders\RolePermissionSeeder.php:168:'purchase_request.accounting_view',
E:\purchasing system\database\seeders\RolePermissionSeeder.php:169:'purchase_request.accounting_approve',
E:\purchasing system\database\seeders\RolePermissionSeeder.php:170:'purchase_request.accounting_reject',
E:\purchasing system\database\seeders\RolePermissionSeeder.php:175:'description' => 'Executive decision maker for purchase requests and viewer of issued purchase orders',
E:\purchasing system\database\seeders\RolePermissionSeeder.php:177:'purchase_request.view_gm',
E:\purchasing system\database\seeders\RolePermissionSeeder.php:178:'purchase_quote.view',
E:\purchasing system\database\seeders\RolePermissionSeeder.php:179:'purchase_quote.decide',
E:\purchasing system\database\seeders\RolePermissionSeeder.php:180:'purchase_request.edit_gm',
E:\purchasing system\database\seeders\RolePermissionSeeder.php:181:'purchase_request.approve_gm',
E:\purchasing system\database\seeders\RolePermissionSeeder.php:182:'purchase_request.reject_gm',
E:\purchasing system\database\seeders\RolePermissionSeeder.php:183:'purchase_order.view_gm',
E:\purchasing system\database\seeders\RolePermissionSeeder.php:193:$requestCreatorRoles = ['reviewer', 'site_engineer', 'warehouse_keeper', 'procurement_manager', 'accountant', 'general_manager'];
E:\purchasing system\database\seeders\RolePermissionSeeder.php:194:$requestCreatorPermissions = ['purchase_request.create', 'purchase_request.view_own', 'purchase_request.edit_own', 'purchase_request.submit'];
E:\purchasing system\database\seeders\ScenarioSeeder.php:77:$reviewers = $this->usersByRole('reviewer');
E:\purchasing system\database\seeders\ScenarioSeeder.php:79:$procurementManagers = $this->usersByRole('procurement_manager');
E:\purchasing system\database\seeders\ScenarioSeeder.php:234:'reviewer_user_id' => $isExecutiveRequester ? null : $manager->id,
E:\purchasing system\database\seeders\ScenarioSeeder.php:238:'procurement_route' => $route,
E:\purchasing system\database\seeders\ScenarioSeeder.php:252:'purchase_request_id' => $pr->id,
E:\purchasing system\database\seeders\ScenarioSeeder.php:341:$sameDepartmentReviewer = $requester->hasRole('reviewer') && (int) $pr->department_id === (int) $pr->target_department_id;
E:\purchasing system\database\seeders\ScenarioSeeder.php:343:? 'PENDING_PROCUREMENT_APPROVAL'
E:\purchasing system\database\seeders\ScenarioSeeder.php:344:: ($sameDepartmentReviewer ? 'PENDING_EXECUTIVE_APPROVAL' : 'SUBMITTED');
E:\purchasing system\database\seeders\ScenarioSeeder.php:347:$this->notify($pr->user_id, 'purchase_request_submitted', 'طلب شراء تجريبي مرسل', "الطلب {$pr->request_number} جاهز للمرحلة التالية.", $pr);
E:\purchasing system\database\seeders\ScenarioSeeder.php:352:$pr->update(['status' => 'PENDING_EXECUTIVE_APPROVAL', 'submitted_at' => $createdAt->copy()->addHours(2)]);
E:\purchasing system\database\seeders\ScenarioSeeder.php:354:$this->addRequestHistory($pr, $manager, 'REVIEW_STARTED', 'SUBMITTED', 'UNDER_REVIEW', 'بدأ مدير القسم مراجعة الطلب.');
E:\purchasing system\database\seeders\ScenarioSeeder.php:355:$this->addRequestHistory($pr, $manager, 'APPROVED_BY_REVIEWER', 'UNDER_REVIEW', 'PENDING_EXECUTIVE_APPROVAL', 'اعتمد مدير القسم الطلب وأرسله للمدير التنفيذي.');
E:\purchasing system\database\seeders\ScenarioSeeder.php:356:$this->notify($executive->id, 'purchase_request_pending_executive', 'طلب شراء بانتظار اعتماد المدير التنفيذي', "الطلب {$pr->request_number} بانتظار قرار المدير التنفيذي.", $pr);
E:\purchasing system\database\seeders\ScenarioSeeder.php:357:$expected = 'اعتماد مدير القسم ينقل الطلب إلى PENDING_EXECUTIVE_APPROVAL.';
E:\purchasing system\database\seeders\ScenarioSeeder.php:362:$this->addRequestHistory($pr, $manager, 'REJECTED', 'UNDER_REVIEW', 'REJECTED', $pr->rejection_reason);
E:\purchasing system\database\seeders\ScenarioSeeder.php:363:$this->notify($pr->user_id, 'purchase_request_rejected', 'تم رفض طلب شراء تجريبي', "تم رفض الطلب {$pr->request_number}. السبب: {$pr->rejection_reason}", $pr);
E:\purchasing system\database\seeders\ScenarioSeeder.php:369:$this->addRequestHistory($pr, $manager, 'RETURNED_FOR_EDIT', 'UNDER_REVIEW', 'REJECTED', $pr->return_reason);
E:\purchasing system\database\seeders\ScenarioSeeder.php:370:$this->notify($pr->user_id, 'purchase_request_returned_for_edit', 'طلب شراء يحتاج تعديلًا', "الطلب {$pr->request_number} يحتاج تعديلًا قبل إعادة الإرسال.", $pr);
E:\purchasing system\database\seeders\ScenarioSeeder.php:375:$pr->update(['status' => 'PENDING_ACCOUNTING_APPROVAL', 'procurement_route' => 'DIRECT', 'direct_supplier_id' => $supplier->id]);
E:\purchasing system\database\seeders\ScenarioSeeder.php:377:$this->addRequestHistory($pr, $procurement, 'DIRECT_PURCHASE_REQUEST_CREATED', 'DRAFT', 'PENDING_ACCOUNTING_APPROVAL', 'أنشأ مدير المشتريات طلب شراء مباشرًا وأرسله للحسابات.');
E:\purchasing system\database\seeders\ScenarioSeeder.php:378:$this->notify($accountant->id, 'purchase_request_pending_accounting_approval', 'طلب شراء مباشر بانتظار الحسابات', "الطلب المباشر {$pr->request_number} يحتاج مراجعة الحسابات.", $pr);
E:\purchasing system\database\seeders\ScenarioSeeder.php:379:$expected = 'طلب شراء مباشر في PENDING_ACCOUNTING_APPROVAL مع مورد مباشر وبنود مالية لازمة للمسار المباشر.';
E:\purchasing system\database\seeders\ScenarioSeeder.php:383:$pr->update(['status' => 'PENDING_ACCOUNTING_APPROVAL', 'procurement_route' => 'DIRECT', 'direct_supplier_id' => $supplier->id]);
E:\purchasing system\database\seeders\ScenarioSeeder.php:385:$pr->update(['status' => 'APPROVED_BY_ACCOUNTING']);
E:\purchasing system\database\seeders\ScenarioSeeder.php:386:$this->addRequestHistory($pr, $accountant, 'ACCOUNTING_APPROVED_DIRECT', 'PENDING_ACCOUNTING_APPROVAL', 'APPROVED_BY_ACCOUNTING', 'وافقت الحسابات على الطلب المباشر وأعادته إلى مدير المشتريات لإنشاء أمر الشراء.');
E:\purchasing system\database\seeders\ScenarioSeeder.php:387:$expected = 'اعتماد الحسابات ينقل الطلب المباشر إلى APPROVED_BY_ACCOUNTING ليظهر لدى مدير المشتريات لإنشاء أمر الشراء.';
E:\purchasing system\database\seeders\ScenarioSeeder.php:390:$this->addRequestHistory($pr, $accountant, 'ACCOUNTING_REJECTED_DIRECT', 'PENDING_ACCOUNTING_APPROVAL', 'REJECTED', $pr->rejection_reason);
E:\purchasing system\database\seeders\ScenarioSeeder.php:396:$pr->update(['status' => 'PENDING_QUOTE_RECOMMENDATIONS', 'procurement_route' => 'QUOTES']);
E:\purchasing system\database\seeders\ScenarioSeeder.php:397:$this->addRequestHistory($pr, $procurement, 'THREE_QUOTES_REQUIRED', 'PENDING_PROCUREMENT_APPROVAL', 'PENDING_QUOTE_RECOMMENDATIONS', 'بدأ مدير المشتريات مرحلة عروض الأسعار.');
E:\purchasing system\database\seeders\ScenarioSeeder.php:402:$pr->update(['status' => 'PENDING_QUOTE_RECOMMENDATIONS', 'procurement_route' => 'QUOTES']);
E:\purchasing system\database\seeders\ScenarioSeeder.php:404:$related = $quotes->pluck('id')->map(fn ($id): string => 'QUOTE-' . $id)->all();
E:\purchasing system\database\seeders\ScenarioSeeder.php:405:$this->addRequestHistory($pr, $procurement, 'SUPPLIER_ADDED', 'PENDING_QUOTE_RECOMMENDATIONS', 'PENDING_QUOTE_RECOMMENDATIONS', 'أضيف مورد مختلف للعرض التجريبي مع إبقاء الموردين مميزين.');
E:\purchasing system\database\seeders\ScenarioSeeder.php:410:$pr->update(['status' => 'PENDING_QUOTE_RECOMMENDATIONS', 'procurement_route' => 'QUOTES']);
E:\purchasing system\database\seeders\ScenarioSeeder.php:413:$related = $quotes->pluck('id')->map(fn ($id): string => 'QUOTE-' . $id)->all();
E:\purchasing system\database\seeders\ScenarioSeeder.php:414:$this->addRequestHistory($pr, $procurement, 'QUOTES_SUBMITTED', 'PENDING_QUOTE_RECOMMENDATIONS', 'PENDING_QUOTE_RECOMMENDATIONS', 'أضيفت عروض مرنة بعدد متغير من موردين نشطين.');
E:\purchasing system\database\seeders\ScenarioSeeder.php:419:$pr->update(['status' => 'PENDING_QUOTE_RECOMMENDATIONS', 'procurement_route' => 'QUOTES']);
E:\purchasing system\database\seeders\ScenarioSeeder.php:422:$this->recommend($quote, $accountant, 'ACCOUNTING', 'RECOMMEND', 'ترشيح الحسابات للعرض الأفضل ماليًا.');
E:\purchasing system\database\seeders\ScenarioSeeder.php:423:$related = ['QUOTE-' . $quote->id, 'ACCOUNTING-RECOMMENDATION-' . $quote->id];
E:\purchasing system\database\seeders\ScenarioSeeder.php:425:$pr->update(['status' => 'PENDING_EXECUTIVE_QUOTE_DECISION']);
E:\purchasing system\database\seeders\ScenarioSeeder.php:426:$this->addRequestHistory($pr, $accountant, 'ACCOUNTING_QUOTE_RECOMMENDED', 'PENDING_QUOTE_RECOMMENDATIONS', 'PENDING_EXECUTIVE_QUOTE_DECISION', 'رشحت الحسابات عرضًا لطلب المدير العام، وأصبح القرار النهائي له.');
E:\purchasing system\database\seeders\ScenarioSeeder.php:429:$this->addRequestHistory($pr, $accountant, 'ACCOUNTING_QUOTE_RECOMMENDED', 'PENDING_QUOTE_RECOMMENDATIONS', 'PENDING_QUOTE_RECOMMENDATIONS', 'رشحت الحسابات عرضًا واحدًا بوضوح.');
E:\purchasing system\database\seeders\ScenarioSeeder.php:435:$pr->update(['status' => 'PENDING_QUOTE_RECOMMENDATIONS', 'procurement_route' => 'QUOTES']);
E:\purchasing system\database\seeders\ScenarioSeeder.php:439:$this->recommend($quote, $accountant, 'ACCOUNTING', $accountingDecision, 'قرار الحسابات على عرض طلب المدير العام أو مراجعة العرض قبل ترشيح القسم.');
E:\purchasing system\database\seeders\ScenarioSeeder.php:440:$related = ['QUOTE-' . $quote->id, 'ACCOUNTING-RECOMMENDATION-' . $quote->id];
E:\purchasing system\database\seeders\ScenarioSeeder.php:442:$pr->update(['status' => 'PENDING_EXECUTIVE_QUOTE_DECISION']);
E:\purchasing system\database\seeders\ScenarioSeeder.php:443:$this->addRequestHistory($pr, $accountant, 'ACCOUNTING_QUOTE_REVIEWED', 'PENDING_QUOTE_RECOMMENDATIONS', 'PENDING_EXECUTIVE_QUOTE_DECISION', 'راجعت الحسابات عرض طلب المدير العام، وأصبح القرار النهائي له دون ترشيح مدير القسم.');
E:\purchasing system\database\seeders\ScenarioSeeder.php:448:$this->addRequestHistory($pr, $manager, 'DEPARTMENT_QUOTE_RECOMMENDED', 'PENDING_QUOTE_RECOMMENDATIONS', 'PENDING_EXECUTIVE_QUOTE_DECISION', 'رشح مدير القسم العرض، مع وجود ترشيح الحسابات، فأصبح جاهزًا للمدير التنفيذي.');
E:\purchasing system\database\seeders\ScenarioSeeder.php:449:$pr->update(['status' => 'PENDING_EXECUTIVE_QUOTE_DECISION']);
E:\purchasing system\database\seeders\ScenarioSeeder.php:455:$pr->update(['status' => 'PENDING_QUOTE_RECOMMENDATIONS', 'procurement_route' => 'QUOTES']);
E:\purchasing system\database\seeders\ScenarioSeeder.php:458:$this->recommend($quotes->first(), $accountant, 'ACCOUNTING', 'RECOMMEND', 'ترشيح الحسابات للعرض الأقل تكلفة.');
E:\purchasing system\database\seeders\ScenarioSeeder.php:462:$pr->update(['status' => 'PENDING_EXECUTIVE_QUOTE_DECISION']);
E:\purchasing system\database\seeders\ScenarioSeeder.php:464:$related = ['QUOTE-' . $selected->id, 'EXECUTIVE-SELECTED-' . $selected->id];
E:\purchasing system\database\seeders\ScenarioSeeder.php:471:$pr->update(['status' => 'PENDING_QUOTE_RECOMMENDATIONS', 'procurement_route' => 'QUOTES']);
E:\purchasing system\database\seeders\ScenarioSeeder.php:473:$this->recommend($quotes->first(), $accountant, 'ACCOUNTING', 'REJECT', 'رفض الحسابات للعروض لعدم ملاءمة الشروط.');
E:\purchasing system\database\seeders\ScenarioSeeder.php:474:$related = ['QUOTE-' . $quotes->first()->id, 'ACCOUNTING-RECOMMENDATION-' . $quotes->first()->id];
E:\purchasing system\database\seeders\ScenarioSeeder.php:479:$pr->update(['status' => 'PENDING_EXECUTIVE_QUOTE_DECISION']);
E:\purchasing system\database\seeders\ScenarioSeeder.php:482:$this->addRequestHistory($pr, $executive, 'EXECUTIVE_REJECTED_QUOTES', 'PENDING_EXECUTIVE_QUOTE_DECISION', 'REJECTED', $pr->rejection_reason);
E:\purchasing system\database\seeders\ScenarioSeeder.php:489:$pr->update(['status' => 'APPROVED_BY_PROCUREMENT', 'procurement_route' => 'QUOTES']);
E:\purchasing system\database\seeders\ScenarioSeeder.php:493:$pr->update(['selected_quote_id' => $selected->id]);
E:\purchasing system\database\seeders\ScenarioSeeder.php:495:$po = $this->createOrder($pr, $context['items'], $procurement, $selected->supplier, $selected, $group, $case, $createdAt, 'PO_DRAFT', (float) $selected->unit_price);
E:\purchasing system\database\seeders\ScenarioSeeder.php:496:$related = ['PO-' . $po->id, 'QUOTE-' . $selected->id];
E:\purchasing system\database\seeders\ScenarioSeeder.php:501:$pr->update(['status' => 'APPROVED_BY_PROCUREMENT', 'procurement_route' => 'QUOTES']);
E:\purchasing system\database\seeders\ScenarioSeeder.php:505:$pr->update(['selected_quote_id' => $selected->id]);
E:\purchasing system\database\seeders\ScenarioSeeder.php:506:$po = $this->createOrder($pr, $context['items'], $procurement, $selected->supplier, $selected, $group, $case, $createdAt, 'PO_DRAFT', (float) $selected->unit_price);
E:\purchasing system\database\seeders\ScenarioSeeder.php:518:$pr->update(['status' => 'APPROVED_BY_PROCUREMENT', 'procurement_route' => 'QUOTES']);
E:\purchasing system\database\seeders\ScenarioSeeder.php:522:$pr->update(['selected_quote_id' => $selected->id]);
E:\purchasing system\database\seeders\ScenarioSeeder.php:523:$po = $this->createOrder($pr, $context['items'], $procurement, $selected->supplier, $selected, $group, $case, $createdAt, 'ISSUED', (float) $selected->unit_price);
E:\purchasing system\database\seeders\ScenarioSeeder.php:525:$this->notify($accountant->id, 'purchase_order_issued', 'أمر شراء تجريبي صادر', "أمر الشراء {$po->po_number} جاهز للمتابعة المالية.", $po);
E:\purchasing system\database\seeders\ScenarioSeeder.php:531:$pr->update(['status' => 'APPROVED_BY_PROCUREMENT', 'procurement_route' => 'QUOTES']);
E:\purchasing system\database\seeders\ScenarioSeeder.php:532:$po = $this->createOrder($pr, $context['items'], $procurement, $supplier, null, $group, $case, $createdAt, 'ISSUED', 700 + ($case * 19));
E:\purchasing system\database\seeders\ScenarioSeeder.php:539:$pr->update(['status' => 'APPROVED_BY_PROCUREMENT', 'procurement_route' => 'QUOTES']);
E:\purchasing system\database\seeders\ScenarioSeeder.php:540:$po = $this->createOrder($pr, $context['items'], $procurement, $supplier, null, $group, $case, $createdAt, 'ISSUED', 800 + ($case * 23));
E:\purchasing system\database\seeders\ScenarioSeeder.php:545:$receiptItem->update(['received_quantity' => max(1, (float) $receiptItem->received_quantity - 1), 'notes' => 'تم تعديل الكمية قبل اعتماد مهندس الموقع.']);
E:\purchasing system\database\seeders\ScenarioSeeder.php:547:$this->addReceiptHistory($receipt, $assignedSiteEngineer, 'SITE_ENGINEER_RECEIPT_UPDATED', 'PENDING_SITE_ENGINEER', 'PENDING_SITE_ENGINEER', 'عدّل مهندس الموقع بيانات الاستلام قبل الاعتماد.');
E:\purchasing system\database\seeders\ScenarioSeeder.php:553:$pr->update(['status' => 'APPROVED_BY_PROCUREMENT', 'procurement_route' => 'QUOTES']);
E:\purchasing system\database\seeders\ScenarioSeeder.php:554:$po = $this->createOrder($pr, $context['items'], $procurement, $supplier, null, $group, $case, $createdAt, 'ISSUED', 900 + ($case * 29));
E:\purchasing system\database\seeders\ScenarioSeeder.php:561:$pr->update(['status' => 'APPROVED_BY_PROCUREMENT', 'procurement_route' => 'QUOTES']);
E:\purchasing system\database\seeders\ScenarioSeeder.php:562:$po = $this->createOrder($pr, $context['items'], $procurement, $supplier, null, $group, $case, $createdAt, 'APPROVED_BY_ACCOUNTING', 1000 + ($case * 31));
E:\purchasing system\database\seeders\ScenarioSeeder.php:565:$related = ['PO-' . $po->id, 'GRN-' . $receipt->id, 'NOTIFICATION-' . $po->id . '-' . $receipt->id];
E:\purchasing system\database\seeders\ScenarioSeeder.php:570:$pr->update(['status' => 'APPROVED_BY_PROCUREMENT', 'procurement_route' => 'QUOTES']);
E:\purchasing system\database\seeders\ScenarioSeeder.php:571:$po = $this->createOrder($pr, $context['items'], $procurement, $supplier, null, $group, $case, $createdAt, 'APPROVED_BY_ACCOUNTING', 1100 + ($case * 37));
E:\purchasing system\database\seeders\ScenarioSeeder.php:575:$related = ['PO-' . $po->id, 'GRN-' . $receipt->id, 'INV-' . $invoice->id];
E:\purchasing system\database\seeders\ScenarioSeeder.php:580:$pr->update(['status' => 'APPROVED_BY_PROCUREMENT', 'procurement_route' => 'QUOTES']);
E:\purchasing system\database\seeders\ScenarioSeeder.php:581:$po = $this->createOrder($pr, $context['items'], $procurement, $supplier, null, $group, $case, $createdAt, 'APPROVED_BY_ACCOUNTING', 1200 + ($case * 41));
E:\purchasing system\database\seeders\ScenarioSeeder.php:587:$related = ['INV-' . $invoice->id, 'PAY-' . $payment->id];
E:\purchasing system\database\seeders\ScenarioSeeder.php:592:$pr->update(['status' => 'APPROVED_BY_PROCUREMENT', 'procurement_route' => 'QUOTES']);
E:\purchasing system\database\seeders\ScenarioSeeder.php:593:$poA = $this->createOrder($pr, $context['items'], $procurement, $supplier, null, $group, $case, $createdAt->copy()->subDays(8), 'APPROVED_BY_ACCOUNTING', 1300 + ($case * 43));
E:\purchasing system\database\seeders\ScenarioSeeder.php:612:$secondContext['request']->update(['status' => 'APPROVED_BY_PROCUREMENT', 'procurement_route' => 'QUOTES']);
E:\purchasing system\database\seeders\ScenarioSeeder.php:613:$poB = $this->createOrder($secondContext['request'], $secondContext['items'], $procurement, $supplier, null, $group, $case, $createdAt->copy()->subDays(3), 'APPROVED_BY_ACCOUNTING', 1400 + ($case * 47), 'B');
E:\purchasing system\database\seeders\ScenarioSeeder.php:619:$related = ['INV-' . $invoiceA->id, 'INV-' . $invoiceB->id, 'PAY-' . $payment->id, 'ALLOCATIONS-' . implode('-', $allocations)];
E:\purchasing system\database\seeders\ScenarioSeeder.php:624:$statuses = ['DRAFT', 'SUBMITTED', 'UNDER_REVIEW', 'PENDING_EXECUTIVE_APPROVAL', 'REJECTED', 'PENDING_PROCUREMENT_APPROVAL', 'APPROVED_BY_PROCUREMENT'];
E:\purchasing system\database\seeders\ScenarioSeeder.php:651:'receipt_number' => $receipt?->receipt_number,
E:\purchasing system\database\seeders\ScenarioSeeder.php:652:'invoice_number' => $invoice?->invoice_number,
E:\purchasing system\database\seeders\ScenarioSeeder.php:685:'purchase_request_id' => $pr->id,
E:\purchasing system\database\seeders\ScenarioSeeder.php:706:'purchase_request_quote_id' => $quote->id,
E:\purchasing system\database\seeders\ScenarioSeeder.php:719:$pr->update(['selected_quote_id' => $quote->id, 'status' => 'APPROVED_BY_PROCUREMENT']);
E:\purchasing system\database\seeders\ScenarioSeeder.php:721:$pr->quotes()->where('id', '!=', $quote->id)->update(['status' => 'REJECTED']);
E:\purchasing system\database\seeders\ScenarioSeeder.php:722:$this->addRequestHistory($pr, $executive, 'EXECUTIVE_SELECTED_QUOTE', 'PENDING_EXECUTIVE_QUOTE_DECISION', 'APPROVED_BY_PROCUREMENT', 'اختار المدير التنفيذي العرض المعتمد.');
E:\purchasing system\database\seeders\ScenarioSeeder.php:729:'purchase_request_id' => $pr->id,
E:\purchasing system\database\seeders\ScenarioSeeder.php:730:'selected_quote_id' => $selectedQuote?->id,
E:\purchasing system\database\seeders\ScenarioSeeder.php:744:'reviewed_by_accounting_user_id' => $status === 'APPROVED_BY_ACCOUNTING' ? $procurement->id : null,
E:\purchasing system\database\seeders\ScenarioSeeder.php:745:'reviewed_at_accounting' => $status === 'APPROVED_BY_ACCOUNTING' ? $createdAt->copy()->addDays(2) : null,
E:\purchasing system\database\seeders\ScenarioSeeder.php:769:if ($status === 'ISSUED' || $status === 'APPROVED_BY_ACCOUNTING') {
E:\purchasing system\database\seeders\ScenarioSeeder.php:773:return $po->fresh(['items', 'purchaseRequest', 'supplier']);
E:\purchasing system\database\seeders\ScenarioSeeder.php:779:'purchase_order_id' => $po->id,
E:\purchasing system\database\seeders\ScenarioSeeder.php:780:'purchase_request_id' => $pr->id,
E:\purchasing system\database\seeders\ScenarioSeeder.php:783:'receipt_number' => sprintf('TEST-GRN-G%02d-%02d%s', $group, min($case, 99), $suffix),
E:\purchasing system\database\seeders\ScenarioSeeder.php:798:'purchase_receipt_id' => $receipt->id,
E:\purchasing system\database\seeders\ScenarioSeeder.php:799:'purchase_order_item_id' => $poItem->id,
E:\purchasing system\database\seeders\ScenarioSeeder.php:807:'delivery_status' => $status === 'APPROVED' ? 'DELIVERED' : 'IN_RECEIPT',
E:\purchasing system\database\seeders\ScenarioSeeder.php:810:$this->addReceiptHistory($receipt, $warehouse, 'RECEIPT_CREATED', null, $status, 'أنشأ أمين المخزن إذن الاستلام.');
E:\purchasing system\database\seeders\ScenarioSeeder.php:813:$this->addReceiptHistory($receipt, $siteEngineer, 'SITE_ENGINEER_RECEIPT_APPROVED', 'PENDING_SITE_ENGINEER', 'APPROVED', 'اعتمد مهندس الموقع إذن الاستلام.');
E:\purchasing system\database\seeders\ScenarioSeeder.php:816:return $receipt->fresh(['items.purchaseOrderItem', 'purchaseOrder']);
E:\purchasing system\database\seeders\ScenarioSeeder.php:826:'purchase_order_id' => $po->id,
E:\purchasing system\database\seeders\ScenarioSeeder.php:827:'purchase_receipt_id' => $receipt->id,
E:\purchasing system\database\seeders\ScenarioSeeder.php:829:'invoice_number' => sprintf('TEST-INV-%d-G%02d-%02d%s', $year, $group, min($case, 99), $suffix),
E:\purchasing system\database\seeders\ScenarioSeeder.php:831:'invoice_date' => $createdAt->copy()->addDays(14)->toDateString(),
E:\purchasing system\database\seeders\ScenarioSeeder.php:843:$this->addAudit($accountant, SupplierInvoice::class, $invoice->id, 'SUPPLIER_INVOICE_CREATED', null, 'OPEN');
E:\purchasing system\database\seeders\ScenarioSeeder.php:877:'supplier_invoice_id' => $invoice->id,
E:\purchasing system\database\seeders\ScenarioSeeder.php:985:'purchase_order_id' => $notifiable instanceof PurchaseOrder ? $notifiable->id : null,
E:\purchasing system\database\seeders\ScenarioSeeder.php:986:'purchase_receipt_id' => null,
E:\purchasing system\database\seeders\ScenarioSeeder.php:995:'type' => 'purchase_order_and_receipt_ready_accounting',
E:\purchasing system\database\seeders\ScenarioSeeder.php:1000:'purchase_order_id' => $po->id,
E:\purchasing system\database\seeders\ScenarioSeeder.php:1001:'purchase_receipt_id' => $receipt->id,
E:\purchasing system\database\seeders\ScenarioSeeder.php:1013:'total_invoiced' => round($totalInvoiced, 2),
E:\purchasing system\database\seeders\ScenarioSeeder.php:1053:$repairFields['reviewer_user_id'] = null;
E:\purchasing system\database\seeders\ScenarioSeeder.php:1054:if ($group === 13 && $request->status === 'PENDING_QUOTE_RECOMMENDATIONS'
E:\purchasing system\database\seeders\ScenarioSeeder.php:1055:&& $request->quotes()->whereHas('recommendations', fn ($query) => $query->where('role_type', 'ACCOUNTING'))->exists()) {
E:\purchasing system\database\seeders\ScenarioSeeder.php:1056:$repairFields['status'] = 'PENDING_EXECUTIVE_QUOTE_DECISION';
E:\purchasing system\database\seeders\ScenarioSeeder.php:1140:'receipt_number' => null,
E:\purchasing system\database\seeders\ScenarioSeeder.php:1141:'invoice_number' => null,
E:\purchasing system\database\seeders\ScenarioSeeder.php:1196:3 => 'employee / reviewer',
E:\purchasing system\database\seeders\ScenarioSeeder.php:1197:4 => 'employee / reviewer / general_manager',
E:\purchasing system\database\seeders\ScenarioSeeder.php:1198:5 => 'reviewer / general_manager',
E:\purchasing system\database\seeders\ScenarioSeeder.php:1199:6 => 'reviewer',
E:\purchasing system\database\seeders\ScenarioSeeder.php:1200:7 => 'reviewer',
E:\purchasing system\database\seeders\ScenarioSeeder.php:1201:8 => 'procurement_manager',
E:\purchasing system\database\seeders\ScenarioSeeder.php:1203:10 => 'procurement_manager',
E:\purchasing system\database\seeders\ScenarioSeeder.php:1204:11 => 'procurement_manager',
E:\purchasing system\database\seeders\ScenarioSeeder.php:1205:12 => 'procurement_manager',
E:\purchasing system\database\seeders\ScenarioSeeder.php:1207:14 => 'reviewer',
E:\purchasing system\database\seeders\ScenarioSeeder.php:1210:17 => 'procurement_manager',
E:\purchasing system\database\seeders\ScenarioSeeder.php:1211:18 => 'procurement_manager',
E:\purchasing system\database\seeders\ScenarioSeeder.php:1212:19 => 'procurement_manager',
E:\purchasing system\database\seeders\ScenarioSeeder.php:1306:$row['receipt_number'] ?? '-',
E:\purchasing system\database\seeders\ScenarioSeeder.php:1307:$row['invoice_number'] ?? '-',
E:\purchasing system\database\seeders\SeedFiftyFullWorkflowScenariosSeeder.php:51:$reviewers = $this->ensureDemoUsers('reviewer', 'demo.reviewer', 'مراجع تجريبي', 10, $departments);
E:\purchasing system\database\seeders\SeedFiftyFullWorkflowScenariosSeeder.php:52:$procurementManager = User::whereHas('roles', fn ($query) => $query->where('slug', 'procurement_manager'))->where('is_active', true)->firstOrFail();
E:\purchasing system\database\seeders\SeedFiftyFullWorkflowScenariosSeeder.php:64:$poStatuses = ['ISSUED', 'PENDING_ACCOUNTING_REVIEW', 'APPROVED_BY_ACCOUNTING', 'RETURNED_TO_PROCUREMENT', 'PO_DRAFT'];
E:\purchasing system\database\seeders\SeedFiftyFullWorkflowScenariosSeeder.php:65:$requestStatuses = ['PENDING_PROCUREMENT_APPROVAL', 'PENDING_QUOTE_RECOMMENDATIONS', 'PENDING_EXECUTIVE_QUOTE_DECISION', 'APPROVED_BY_PROCUREMENT', 'REJECTED', 'UNDER_REVIEW', 'SUBMITTED', 'DRAFT'];
E:\purchasing system\database\seeders\SeedFiftyFullWorkflowScenariosSeeder.php:93:$status = 'APPROVED_BY_PROCUREMENT';
E:\purchasing system\database\seeders\SeedFiftyFullWorkflowScenariosSeeder.php:95:$status = 'PENDING_EXECUTIVE_QUOTE_DECISION';
E:\purchasing system\database\seeders\SeedFiftyFullWorkflowScenariosSeeder.php:97:$status = 'PENDING_QUOTE_RECOMMENDATIONS';
E:\purchasing system\database\seeders\SeedFiftyFullWorkflowScenariosSeeder.php:99:$status = 'APPROVED_BY_PROCUREMENT';
E:\purchasing system\database\seeders\SeedFiftyFullWorkflowScenariosSeeder.php:106:'reviewer_user_id' => $reviewer->id,
E:\purchasing system\database\seeders\SeedFiftyFullWorkflowScenariosSeeder.php:121:'purchase_request_id' => $pr->id,
E:\purchasing system\database\seeders\SeedFiftyFullWorkflowScenariosSeeder.php:142:$this->addRequestHistory($pr, $reviewer, 'REVIEW_STARTED', 'SUBMITTED', 'UNDER_REVIEW', 'بدأ المراجع مراجعة الطلب.');
E:\purchasing system\database\seeders\SeedFiftyFullWorkflowScenariosSeeder.php:143:$this->addRequestHistory($pr, $reviewer, 'APPROVED_BY_REVIEWER', 'UNDER_REVIEW', 'PENDING_EXECUTIVE_APPROVAL', 'اعتمد المراجع الطلب وأرسله للمدير التنفيذي.');
E:\purchasing system\database\seeders\SeedFiftyFullWorkflowScenariosSeeder.php:145:if (in_array($status, ['APPROVED_BY_PROCUREMENT', 'PENDING_QUOTE_RECOMMENDATIONS', 'PENDING_EXECUTIVE_QUOTE_DECISION'], true)) {
E:\purchasing system\database\seeders\SeedFiftyFullWorkflowScenariosSeeder.php:146:$this->addRequestHistory($pr, $procurementManager, 'APPROVED_BY_PROCUREMENT', 'PENDING_PROCUREMENT_APPROVAL', $status, 'نفذ مدير المشتريات قرار مسار الطلب.');
E:\purchasing system\database\seeders\SeedFiftyFullWorkflowScenariosSeeder.php:151:$this->addRequestHistory($pr, $generalManager, 'REJECTED_BY_EXECUTIVE', 'PENDING_EXECUTIVE_APPROVAL', 'REJECTED', 'رفض المدير التنفيذي الطلب في سيناريو تجريبي.');
E:\purchasing system\database\seeders\SeedFiftyFullWorkflowScenariosSeeder.php:166:'purchase_request_id' => $pr->id,
E:\purchasing system\database\seeders\SeedFiftyFullWorkflowScenariosSeeder.php:174:'selected_at' => $quoteStatus === 'SELECTED' ? $createdAt->copy()->addDays(4) : null,
E:\purchasing system\database\seeders\SeedFiftyFullWorkflowScenariosSeeder.php:181:'purchase_request_quote_id' => $quote->id,
E:\purchasing system\database\seeders\SeedFiftyFullWorkflowScenariosSeeder.php:183:'role_type' => 'ACCOUNTING',
E:\purchasing system\database\seeders\SeedFiftyFullWorkflowScenariosSeeder.php:184:'decision' => $quoteIndex % 2 === 0 ? 'RECOMMEND' : 'REJECT',
E:\purchasing system\database\seeders\SeedFiftyFullWorkflowScenariosSeeder.php:188:'purchase_request_quote_id' => $quote->id,
E:\purchasing system\database\seeders\SeedFiftyFullWorkflowScenariosSeeder.php:191:'decision' => $quoteIndex % 2 === 1 ? 'RECOMMEND' : 'REJECT',
E:\purchasing system\database\seeders\SeedFiftyFullWorkflowScenariosSeeder.php:199:$this->addRequestHistory($pr, $generalManager, 'EXECUTIVE_SELECTED_QUOTE', 'PENDING_EXECUTIVE_QUOTE_DECISION', 'APPROVED_BY_PROCUREMENT', 'اختار المدير التنفيذي العرض في سيناريو تجريبي.');
E:\purchasing system\database\seeders\SeedFiftyFullWorkflowScenariosSeeder.php:206:if ($scenario < 10) $poStatus = 'APPROVED_BY_ACCOUNTING';
E:\purchasing system\database\seeders\SeedFiftyFullWorkflowScenariosSeeder.php:209:'purchase_request_id' => $pr->id,
E:\purchasing system\database\seeders\SeedFiftyFullWorkflowScenariosSeeder.php:210:'selected_quote_id' => $selectedQuote?->id,
E:\purchasing system\database\seeders\SeedFiftyFullWorkflowScenariosSeeder.php:248:$this->addOrderHistory($po, $procurementManager, 'PO_CREATED', 'APPROVED_BY_PROCUREMENT', 'PO_DRAFT', 'أنشأ مدير المشتريات أمر الشراء.');
E:\purchasing system\database\seeders\SeedFiftyFullWorkflowScenariosSeeder.php:250:if (in_array($poStatus, ['APPROVED_BY_ACCOUNTING', 'RETURNED_TO_PROCUREMENT'], true)) {
E:\purchasing system\database\seeders\SeedFiftyFullWorkflowScenariosSeeder.php:251:$this->addOrderHistory($po, $accountant, $poStatus === 'APPROVED_BY_ACCOUNTING' ? 'ACCOUNTING_APPROVED' : 'ACCOUNTING_RETURNED', 'ISSUED', $poStatus, $poStatus === 'APPROVED_BY_ACCOUNTING' ? 'اعتمدت الحسابات أمر الشراء.' : 'أعادت الحسابات أمر الشراء للتعديل.');
E:\purchasing system\database\seeders\SeedFiftyFullWorkflowScenariosSeeder.php:263:'purchase_order_id' => $po->id,
E:\purchasing system\database\seeders\SeedFiftyFullWorkflowScenariosSeeder.php:264:'purchase_receipt_id' => $receipt->id,
E:\purchasing system\database\seeders\SeedFiftyFullWorkflowScenariosSeeder.php:266:'invoice_number' => sprintf('INV-%s-D50-%03d', $year, $scenario + 1),
E:\purchasing system\database\seeders\SeedFiftyFullWorkflowScenariosSeeder.php:268:'invoice_date' => $createdAt->copy()->addDays(15)->toDateString(),
E:\purchasing system\database\seeders\SeedFiftyFullWorkflowScenariosSeeder.php:279:$this->addInvoiceHistory($invoice, $accountant, 'SUPPLIER_INVOICE_CREATED', 'أنشأت الحسابات فاتورة المورد.');
E:\purchasing system\database\seeders\SeedFiftyFullWorkflowScenariosSeeder.php:293:SupplierPaymentAllocation::create(['supplier_payment_id' => $payment->id, 'supplier_invoice_id' => $invoice->id, 'amount' => $invoice->paid_amount]);
E:\purchasing system\database\seeders\SeedFiftyFullWorkflowScenariosSeeder.php:301:$this->addScenarioEvent($pr, $reviewer, 'scenario.reviewed', 'مراجعة الطلب التجريبي.');
E:\purchasing system\database\seeders\SeedFiftyFullWorkflowScenariosSeeder.php:302:$this->addScenarioEvent($pr, $procurementManager, 'scenario.procurement_action', 'إجراء مدير المشتريات في السيناريو التجريبي.');
E:\purchasing system\database\seeders\SeedFiftyFullWorkflowScenariosSeeder.php:303:$this->addScenarioEvent($pr, $accountant, 'scenario.accounting_action', 'إجراء الحسابات في السيناريو التجريبي.');
E:\purchasing system\database\seeders\SeedFiftyFullWorkflowScenariosSeeder.php:304:$this->addScenarioEvent($pr, $generalManager, 'scenario.executive_action', 'إجراء المدير التنفيذي في السيناريو التجريبي.');
E:\purchasing system\database\seeders\SeedFiftyFullWorkflowScenariosSeeder.php:337:'purchase_order_id' => $po->id,
E:\purchasing system\database\seeders\SeedFiftyFullWorkflowScenariosSeeder.php:338:'purchase_request_id' => $pr->id,
E:\purchasing system\database\seeders\SeedFiftyFullWorkflowScenariosSeeder.php:341:'receipt_number' => sprintf('GRN-%s-D50-%03d', $createdAt->year, $scenario + 1),
E:\purchasing system\database\seeders\SeedFiftyFullWorkflowScenariosSeeder.php:345:'site_engineer_approved_at' => $receiptStatus === 'APPROVED' ? $createdAt->copy()->addDays(15) : null,
E:\purchasing system\database\seeders\SeedFiftyFullWorkflowScenariosSeeder.php:347:'site_engineer_notes' => $receiptStatus === 'APPROVED' ? 'اعتماد مهندس الموقع تجريبي.' : null,
E:\purchasing system\database\seeders\SeedFiftyFullWorkflowScenariosSeeder.php:351:'purchase_receipt_id' => $receipt->id,
E:\purchasing system\database\seeders\SeedFiftyFullWorkflowScenariosSeeder.php:352:'purchase_order_item_id' => $poItem->id,
E:\purchasing system\database\seeders\SeedFiftyFullWorkflowScenariosSeeder.php:354:'received_quantity' => $receiptStatus === 'APPROVED' ? $poItem->quantity : max(1, (float) $poItem->quantity - 1),
E:\purchasing system\database\seeders\SeedFiftyFullWorkflowScenariosSeeder.php:358:$this->addReceiptHistory($receipt, $warehouseKeeper, 'RECEIPT_CREATED', 'أنشأ أمين المخزن إذن الاستلام.');
E:\purchasing system\database\seeders\SeedFiftyFullWorkflowScenariosSeeder.php:361:$this->addReceiptHistory($receipt, $siteEngineer, 'SITE_ENGINEER_RECEIPT_APPROVED', 'اعتمد مهندس الموقع إذن الاستلام.');
E:\purchasing system\database\seeders\SeedFiftyFullWorkflowScenariosSeeder.php:368:ApprovalHistory::create(['target_type' => PurchaseRequest::class, 'target_id' => $request->id, 'actor_user_id' => $actor->id, 'action' => $action, 'from_state' => $from, 'to_state' => $to, 'comments' => self::MARKER . ' | ' . $comments]);
E:\purchasing system\database\seeders\SeedFiftyFullWorkflowScenariosSeeder.php:374:ApprovalHistory::create(['target_type' => PurchaseOrder::class, 'target_id' => $order->id, 'actor_user_id' => $actor->id, 'action' => $action, 'from_state' => $from, 'to_state' => $to, 'comments' => self::MARKER . ' | ' . $comments]);
E:\purchasing system\database\seeders\SeedFiftyFullWorkflowScenariosSeeder.php:380:ApprovalHistory::create(['target_type' => PurchaseReceipt::class, 'target_id' => $receipt->id, 'actor_user_id' => $actor->id, 'action' => $action, 'from_state' => null, 'to_state' => $receipt->status, 'comments' => self::MARKER . ' | ' . $comments]);
E:\purchasing system\database\seeders\SeedFiftyFullWorkflowScenariosSeeder.php:401:Notification::create(['user_id' => $recipient->id, 'type' => self::NOTIFICATION_TYPE, 'title' => $title, 'message' => self::MARKER . ' | ' . $message, 'notifiable_type' => PurchaseOrder::class, 'notifiable_id' => $order->id, 'read_at' => null]);
E:\purchasing system\database\seeders\SeedFiftyFullWorkflowScenariosSeeder.php:409:$query->where('notes', 'like', self::MARKER . '%')->orWhereIn('purchase_request_id', $requestIds);
E:\purchasing system\database\seeders\SeedFiftyFullWorkflowScenariosSeeder.php:412:$receiptIds = PurchaseReceipt::whereIn('purchase_order_id', $orderIds)->pluck('id');
E:\purchasing system\database\seeders\SeedFiftyFullWorkflowScenariosSeeder.php:413:$invoiceIds = SupplierInvoice::whereIn('purchase_order_id', $orderIds)->pluck('id');
E:\purchasing system\database\seeders\SeedFiftyFullWorkflowScenariosSeeder.php:417:SupplierPaymentAllocation::whereIn('supplier_invoice_id', $invoiceIds)->delete();
E:\purchasing system\database\seeders\SeedFiftyFullWorkflowScenariosSeeder.php:420:PurchaseReceiptItem::whereIn('purchase_receipt_id', $receiptIds)->delete();
E:\purchasing system\database\seeders\SeedFiftyFullWorkflowScenariosSeeder.php:421:ApprovalHistory::where('target_type', PurchaseReceipt::class)->whereIn('target_id', $receiptIds)->delete();
E:\purchasing system\database\seeders\SeedFiftyFullWorkflowScenariosSeeder.php:422:AuditLog::where('entity_type', PurchaseReceipt::class)->whereIn('entity_id', $receiptIds)->delete();
E:\purchasing system\database\seeders\SeedFiftyFullWorkflowScenariosSeeder.php:424:PurchaseRequestQuoteRecommendation::whereIn('purchase_request_quote_id', PurchaseRequestQuote::whereIn('purchase_request_id', $requestIds)->pluck('id'))->delete();
E:\purchasing system\database\seeders\SeedFiftyFullWorkflowScenariosSeeder.php:425:PurchaseRequestQuote::whereIn('purchase_request_id', $requestIds)->delete();
E:\purchasing system\database\seeders\SeedFiftyFullWorkflowScenariosSeeder.php:427:ApprovalHistory::whereIn('target_type', [PurchaseRequest::class, PurchaseOrder::class])->whereIn('target_id', $requestIds->merge($orderIds))->delete();
E:\purchasing system\database\seeders\SeedFiftyFullWorkflowScenariosSeeder.php:428:AuditLog::whereIn('entity_type', [PurchaseRequest::class, PurchaseOrder::class])->whereIn('entity_id', $requestIds->merge($orderIds))->delete();
E:\purchasing system\database\seeders\SeedFiftyFullWorkflowScenariosSeeder.php:430:PurchaseOrderItem::whereIn('purchase_order_id', $orderIds)->delete();
E:\purchasing system\database\seeders\SeedFiftyFullWorkflowScenariosSeeder.php:432:PurchaseRequestItem::whereIn('purchase_request_id', $requestIds)->delete();
E:\purchasing system\database\seeders\SeedFiveHundredPurchaseCyclesSeeder.php:21:private const MARKER = 'SEED-500-PURCHASE-CYCLES';
E:\purchasing system\database\seeders\SeedFiveHundredPurchaseCyclesSeeder.php:35:$reviewers = User::whereHas('roles', fn ($query) => $query->where('slug', 'reviewer'))
E:\purchasing system\database\seeders\SeedFiveHundredPurchaseCyclesSeeder.php:41:$procurementManager = User::whereHas('roles', fn ($query) => $query->where('slug', 'procurement_manager'))
E:\purchasing system\database\seeders\SeedFiveHundredPurchaseCyclesSeeder.php:67:throw new \RuntimeException('Reference data is insufficient for the 500 purchase cycles seed.');
E:\purchasing system\database\seeders\SeedFiveHundredPurchaseCyclesSeeder.php:113:'reviewer_user_id' => $reviewer->id,
E:\purchasing system\database\seeders\SeedFiveHundredPurchaseCyclesSeeder.php:115:'status' => 'APPROVED_BY_PROCUREMENT',
E:\purchasing system\database\seeders\SeedFiveHundredPurchaseCyclesSeeder.php:128:'purchase_request_id' => $pr->id,
E:\purchasing system\database\seeders\SeedFiveHundredPurchaseCyclesSeeder.php:152:'purchase_request_id' => $pr->id,
E:\purchasing system\database\seeders\SeedFiveHundredPurchaseCyclesSeeder.php:192:$this->addRequestHistory($pr, $reviewer, 'REVIEW_STARTED', 'SUBMITTED', 'UNDER_REVIEW', 'بدأ المراجع مراجعة الطلب.');
E:\purchasing system\database\seeders\SeedFiveHundredPurchaseCyclesSeeder.php:193:$this->addRequestHistory($pr, $reviewer, 'APPROVED_BY_REVIEWER', 'UNDER_REVIEW', 'PENDING_PROCUREMENT_APPROVAL', 'اعتمد رئيس القسم الطلب وأرسله إلى مدير المشتريات.');
E:\purchasing system\database\seeders\SeedFiveHundredPurchaseCyclesSeeder.php:194:$this->addRequestHistory($pr, $procurementManager, 'APPROVED_BY_PROCUREMENT', 'PENDING_PROCUREMENT_APPROVAL', 'APPROVED_BY_PROCUREMENT', 'اعتمد مدير المشتريات الطلب.');
E:\purchasing system\database\seeders\SeedFiveHundredPurchaseCyclesSeeder.php:195:$this->addOrderHistory($po, $procurementManager, 'PO_CREATED', 'APPROVED_BY_PROCUREMENT', 'PO_DRAFT', 'أنشأ مدير المشتريات أمر الشراء.');
E:\purchasing system\database\seeders\SeedFiveHundredPurchaseCyclesSeeder.php:202:$this->command?->info(sprintf('Completed %d/%d purchase cycles.', $operation + 1, self::OPERATIONS_COUNT));
E:\purchasing system\database\seeders\SeedFiveHundredPurchaseCyclesSeeder.php:207:$this->command?->info('Created 500 complete purchase cycles successfully.');
E:\purchasing system\database\seeders\SeedFiveHundredPurchaseCyclesSeeder.php:214:Notification::where('notifiable_type', PurchaseOrder::class)->where('notifiable_id', $po->id)->delete();
E:\purchasing system\database\seeders\SeedFiveHundredPurchaseCyclesSeeder.php:215:ApprovalHistory::where('target_type', PurchaseOrder::class)->where('target_id', $po->id)->delete();
E:\purchasing system\database\seeders\SeedFiveHundredPurchaseCyclesSeeder.php:216:AuditLog::where('entity_type', PurchaseOrder::class)->where('entity_id', $po->id)->delete();
E:\purchasing system\database\seeders\SeedFiveHundredPurchaseCyclesSeeder.php:223:Notification::where('notifiable_type', PurchaseRequest::class)->where('notifiable_id', $pr->id)->delete();
E:\purchasing system\database\seeders\SeedFiveHundredPurchaseCyclesSeeder.php:224:ApprovalHistory::where('target_type', PurchaseRequest::class)->where('target_id', $pr->id)->delete();
E:\purchasing system\database\seeders\SeedFiveHundredPurchaseCyclesSeeder.php:225:AuditLog::where('entity_type', PurchaseRequest::class)->where('entity_id', $pr->id)->delete();
E:\purchasing system\database\seeders\SeedFiveHundredPurchaseCyclesSeeder.php:269:'type' => 'PURCHASE_ORDER_ISSUED',
E:\purchasing system\database\seeders\SeedTwoHundredPurchaseOperationsSeeder.php:21:private const MARKER = 'SEED-200-PURCHASE-OPERATIONS';
E:\purchasing system\database\seeders\SeedTwoHundredPurchaseOperationsSeeder.php:35:$procurementManager = User::whereHas('roles', fn ($query) => $query->where('slug', 'procurement_manager'))
E:\purchasing system\database\seeders\SeedTwoHundredPurchaseOperationsSeeder.php:54:throw new \RuntimeException('Reference data is insufficient for the 200 purchase operations seed.');
E:\purchasing system\database\seeders\SeedTwoHundredPurchaseOperationsSeeder.php:96:'reviewer_user_id' => $reviewer?->id,
E:\purchasing system\database\seeders\SeedTwoHundredPurchaseOperationsSeeder.php:98:'status' => 'APPROVED_BY_PROCUREMENT',
E:\purchasing system\database\seeders\SeedTwoHundredPurchaseOperationsSeeder.php:111:'purchase_request_id' => $pr->id,
E:\purchasing system\database\seeders\SeedTwoHundredPurchaseOperationsSeeder.php:135:'purchase_request_id' => $pr->id,
E:\purchasing system\database\seeders\SeedTwoHundredPurchaseOperationsSeeder.php:174:$this->addRequestHistory($pr, $reviewer, 'APPROVED_BY_REVIEWER', 'SUBMITTED', 'PENDING_PROCUREMENT_APPROVAL', 'تم اعتماد الطلب من رئيس القسم.');
E:\purchasing system\database\seeders\SeedTwoHundredPurchaseOperationsSeeder.php:175:$this->addRequestHistory($pr, $procurementManager, 'APPROVED_BY_PROCUREMENT', 'PENDING_PROCUREMENT_APPROVAL', 'APPROVED_BY_PROCUREMENT', 'تم اعتماد الطلب من مدير المشتريات.');
E:\purchasing system\database\seeders\SeedTwoHundredPurchaseOperationsSeeder.php:176:$this->addOrderHistory($po, $procurementManager, 'PO_CREATED', 'APPROVED_BY_PROCUREMENT', 'PO_DRAFT', 'تم إنشاء أمر الشراء.');
E:\purchasing system\database\seeders\SeedTwoHundredPurchaseOperationsSeeder.php:184:$this->command?->info('Created 200 diverse purchase operations successfully.');
E:\purchasing system\database\seeders\SeedTwoHundredPurchaseOperationsSeeder.php:191:Notification::where('notifiable_type', PurchaseOrder::class)->where('notifiable_id', $po->id)->delete();
E:\purchasing system\database\seeders\SeedTwoHundredPurchaseOperationsSeeder.php:192:ApprovalHistory::where('target_type', PurchaseOrder::class)->where('target_id', $po->id)->delete();
E:\purchasing system\database\seeders\SeedTwoHundredPurchaseOperationsSeeder.php:193:AuditLog::where('entity_type', PurchaseOrder::class)->where('entity_id', $po->id)->delete();
E:\purchasing system\database\seeders\SeedTwoHundredPurchaseOperationsSeeder.php:200:Notification::where('notifiable_type', PurchaseRequest::class)->where('notifiable_id', $pr->id)->delete();
E:\purchasing system\database\seeders\SeedTwoHundredPurchaseOperationsSeeder.php:201:ApprovalHistory::where('target_type', PurchaseRequest::class)->where('target_id', $pr->id)->delete();
E:\purchasing system\database\seeders\SeedTwoHundredPurchaseOperationsSeeder.php:202:AuditLog::where('entity_type', PurchaseRequest::class)->where('entity_id', $pr->id)->delete();
E:\purchasing system\database\seeders\SeedTwoHundredPurchaseOperationsSeeder.php:246:'type' => 'PURCHASE_ORDER_ISSUED',
